,0,1,2,3,4,5,6,7,8,9,10,11,12,13,0,0.1,1,1.1,10,10.1,11,11.1,12,12.1,13,13.1,2,2.1,3,3.1,4,4.1,5,5.1,6,6.1,7,7.1,8,8.1,9,9.1,Unnamed: 0,Unnamed: 0.1
0,date,"Country,Other",TotalCases,NewCases,TotalDeaths,NewDeaths,TotalRecovered,ActiveCases,"Serious,Critical",Tot Cases/1M pop,Deaths/1M pop,TotalTests,"Tests/
1M pop
",Continent,,,,,,,,,,,,,,,,,,,,,,,,,,,,,,
1,01/05/2020,"
North America
","1,187,036","+1,962","69,676",+157,"192,456","924,904","16,478",,,,,North America,,,,,,,,,,,,,,,,,,,,,,,,,,,,,,
2,01/05/2020,"
Europe
","1,384,069","+10,625","135,485",+250,"510,442","738,142","18,761",,,,,Europe,,,,,,,,,,,,,,,,,,,,,,,,,,,,,,
3,01/05/2020,"
Asia
","524,057","+4,007","18,669",+59,"266,525","238,863","5,721",,,,,Asia,,,,,,,,,,,,,,,,,,,,,,,,,,,,,,
4,01/05/2020,"
South America
","178,695","+1,881","8,811",+109,"60,114","109,770","9,802",,,,,South America,,,,,,,,,,,,,,,,,,,,,,,,,,,,,,
5,01/05/2020,"
Oceania
","8,347",+15,112,+1,"7,070","1,165",34,,,,,Australia/Oceania,,,,,,,,,,,,,,,,,,,,,,,,,,,,,,
6,01/05/2020,"
Africa
","39,910",+125,"1,640",+2,"13,156","25,114",126,,,,,Africa,,,,,,,,,,,,,,,,,,,,,,,,,,,,,,
7,01/05/2020,"

",721,,15,,645,61,4,,,,,,,,,,,,,,,,,,,,,,,,,,,,,,,,,,,
8,01/05/2020,World,"3,322,835","+18,615","234,408",+578,"1,050,408","2,038,019","50,926",426,30.1,,,All,,,,,,,,,,,,,,,,,,,,,,,,,,,,,,
9,01/05/2020,USA,"1,095,304",+281,"63,871 ",+15,"155,737","875,696","15,226","3,309",193,"6,391,887","19,311",North America,,,,,,,,,,,,,,,,,,,,,,,,,,,,,,
10,01/05/2020,Spain,"239,639",,"24,543 ",,"137,984","77,112","2,676","5,125",525,"1,455,306","31,126",Europe,,,,,,,,,,,,,,,,,,,,,,,,,,,,,,
11,01/05/2020,Italy,"205,463",,"27,967 ",,"75,945","101,551","1,694","3,398",463,"1,979,217","32,735",Europe,,,,,,,,,,,,,,,,,,,,,,,,,,,,,,
12,01/05/2020,UK,"171,253",,"26,771 ",,N/A,"144,138","1,559","2,523",394,"901,905","13,286",Europe,,,,,,,,,,,,,,,,,,,,,,,,,,,,,,
13,01/05/2020,France,"167,178",,"24,376 ",,"49,476","93,326","4,019","2,561",373,"724,574","11,101",Europe,,,,,,,,,,,,,,,,,,,,,,,,,,,,,,
14,01/05/2020,Germany,"163,009",,"6,623 ",,"126,900","29,486","2,415","1,946",79,"2,547,052","30,400",Europe,,,,,,,,,,,,,,,,,,,,,,,,,,,,,,
15,01/05/2020,Turkey,"120,204",,"3,174 ",,"48,886","68,144","1,514","1,425",38,"1,033,617","12,255",Asia,,,,,,,,,,,,,,,,,,,,,,,,,,,,,,
16,01/05/2020,Russia,"114,431","+7,933","1,169 ",+96,"13,220","100,042","2,300",784,8,"3,700,000","25,354",Europe,,,,,,,,,,,,,,,,,,,,,,,,,,,,,,
17,01/05/2020,Iran,"94,640",,"6,028 ",,"75,103","13,509","2,976","1,127",72,"463,295","5,516",Asia,,,,,,,,,,,,,,,,,,,,,,,,,,,,,,
18,01/05/2020,Brazil,"87,187","+1,807","6,006 ",+105,"35,935","45,246","8,318",410,28,"339,552","1,597",South America,,,,,,,,,,,,,,,,,,,,,,,,,,,,,,
19,01/05/2020,Canada,"53,236",,"3,184 ",,"21,423","28,629",557,"1,411",84,"806,449","21,367",North America,,,,,,,,,,,,,,,,,,,,,,,,,,,,,,
20,01/05/2020,Belgium,"49,032",+513,"7,703 ",+109,"11,892","29,437",740,"4,231",665,"253,198","21,847",Europe,,,,,,,,,,,,,,,,,,,,,,,,,,,,,,
21,01/05/2020,Netherlands,"39,316",,"4,795 ",,N/A,"34,271",783,"2,295",280,"219,744","12,824",Europe,,,,,,,,,,,,,,,,,,,,,,,,,,,,,,
22,01/05/2020,Peru,"36,976",,"1,051 ",,"10,405","25,520",651,"1,121",32,"318,252","9,652",South America,,,,,,,,,,,,,,,,,,,,,,,,,,,,,,
23,01/05/2020,India,"35,043",+180,"1,154 ",,"9,068","24,821",,25,0.8,"902,654",654,Asia,,,,,,,,,,,,,,,,,,,,,,,,,,,,,,
24,01/05/2020,Switzerland,"29,586",,"1,737 ",,"23,400","4,449",167,"3,419",201,"266,200","30,758",Europe,,,,,,,,,,,,,,,,,,,,,,,,,,,,,,
25,01/05/2020,Portugal,"25,045",,989 ,,"1,519","22,537",172,"2,456",97,"395,771","38,814",Europe,,,,,,,,,,,,,,,,,,,,,,,,,,,,,,
26,01/05/2020,Ecuador,"24,934",,900 ,,"1,558","22,476",146,"1,413",51,"69,054","3,914",South America,,,,,,,,,,,,,,,,,,,,,,,,,,,,,,
27,01/05/2020,Saudi Arabia,"22,753",,162 ,,"3,163","19,428",123,654,5,"200,000","5,745",Asia,,,,,,,,,,,,,,,,,,,,,,,,,,,,,,
28,01/05/2020,Sweden,"21,092",,"2,586 ",,"1,005","17,501",531,"2,088",256,"119,500","11,833",Europe,,,,,,,,,,,,,,,,,,,,,,,,,,,,,,
29,01/05/2020,Ireland,"20,612",,"1,232 ",,"13,386","5,994",123,"4,174",250,"153,954","31,179",Europe,,,,,,,,,,,,,,,,,,,,,,,,,,,,,,
30,01/05/2020,Mexico,"19,224","+1,425","1,859 ",+127,"11,423","5,942",378,149,14,"81,912",635,North America,,,,,,,,,,,,,,,,,,,,,,,,,,,,,,
31,01/05/2020,Singapore,"17,101",+932,15 ,,"1,244","15,842",21,"2,923",3,"143,919","24,600",Asia,,,,,,,,,,,,,,,,,,,,,,,,,,,,,,
32,01/05/2020,Pakistan,"16,817",+344,385 ,+24,"4,315","12,117",111,76,2,"182,131",825,Asia,,,,,,,,,,,,,,,,,,,,,,,,,,,,,,
33,01/05/2020,Chile,"16,023",,227 ,,"8,580","7,216",392,838,12,"180,517","9,443",South America,,,,,,,,,,,,,,,,,,,,,,,,,,,,,,
34,01/05/2020,Israel,"16,004",+58,223 ,+1,"8,758","7,023",105,"1,849",26,"364,467","42,108",Asia,,,,,,,,,,,,,,,,,,,,,,,,,,,,,,
35,01/05/2020,Austria,"15,561",+109,589 ,+5,"13,110","1,862",124,"1,728",65,"256,399","28,469",Europe,,,,,,,,,,,,,,,,,,,,,,,,,,,,,,
36,01/05/2020,Belarus,"14,917",+890,93 ,+4,"2,918","11,906",92,"1,579",10,"186,262","19,712",Europe,,,,,,,,,,,,,,,,,,,,,,,,,,,,,,
37,01/05/2020,Japan,"14,088",,430 ,,"2,460","11,198",308,111,3,"165,609","1,309",Asia,,,,,,,,,,,,,,,,,,,,,,,,,,,,,,
38,01/05/2020,Qatar,"13,409",,10 ,,"1,372","12,027",72,"4,654",3,"94,500","32,801",Asia,,,,,,,,,,,,,,,,,,,,,,,,,,,,,,
39,01/05/2020,UAE,"13,038",+557,111 ,+6,"2,543","10,384",1,"1,318",11,"1,122,000","113,443",Asia,,,,,,,,,,,,,,,,,,,,,,,,,,,,,,
40,01/05/2020,Poland,"12,877",,644 ,,"3,236","8,997",160,340,17,"338,027","8,931",Europe,,,,,,,,,,,,,,,,,,,,,,,,,,,,,,
41,01/05/2020,Romania,"12,567",+327,726 ,+9,"4,328","7,513",249,653,38,"183,688","9,548",Europe,,,,,,,,,,,,,,,,,,,,,,,,,,,,,,
42,01/05/2020,Ukraine,"10,861",+455,272 ,+11,"1,413","9,176",143,248,6,"118,545","2,711",Europe,,,,,,,,,,,,,,,,,,,,,,,,,,,,,,
43,01/05/2020,S. Korea,"10,774",+9,248 ,+1,"9,072","1,454",55,210,5,"623,069","12,153",Asia,,,,,,,,,,,,,,,,,,,,,,,,,,,,,,
44,01/05/2020,Indonesia,"10,551",+433,800 ,+8,"1,591","8,160",,39,3,"102,305",374,Asia,,,,,,,,,,,,,,,,,,,,,,,,,,,,,,
45,01/05/2020,Denmark,"9,311",+153,452 ,,"6,546","2,313",62,"1,608",78,"206,576","35,665",Europe,,,,,,,,,,,,,,,,,,,,,,,,,,,,,,
46,01/05/2020,Serbia,"9,009",,179 ,,"1,343","7,487",71,"1,031",20,"85,645","9,802",Europe,,,,,,,,,,,,,,,,,,,,,,,,,,,,,,
47,01/05/2020,Philippines,"8,772",+284,579 ,+11,"1,084","7,109",31,80,5,"104,146",950,Asia,,,,,,,,,,,,,,,,,,,,,,,,,,,,,,
48,01/05/2020,Bangladesh,"8,238",+571,170 ,+2,174,"7,894",1,50,1,"70,239",426,Asia,,,,,,,,,,,,,,,,,,,,,,,,,,,,,,
49,01/05/2020,Norway,"7,759",+21,210 ,,32,"7,517",37,"1,431",39,"172,586","31,835",Europe,,,,,,,,,,,,,,,,,,,,,,,,,,,,,,
50,01/05/2020,Czechia,"7,689",+7,237 ,+1,"3,314","4,138",67,718,22,"249,634","23,311",Europe,,,,,,,,,,,,,,,,,,,,,,,,,,,,,,
51,01/05/2020,Dominican Republic,"6,972",,301 ,,"1,301","5,370",144,643,28,"25,368","2,339",North America,,,,,,,,,,,,,,,,,,,,,,,,,,,,,,
52,01/05/2020,Australia,"6,766",+12,93 ,+1,"5,739",934,31,265,4,"581,941","22,821",Australia/Oceania,,,,,,,,,,,,,,,,,,,,,,,,,,,,,,
53,01/05/2020,Panama,"6,532",+154,188 ,+10,576,"5,768",86,"1,514",44,"30,749","7,126",North America,,,,,,,,,,,,,,,,,,,,,,,,,,,,,,
54,01/05/2020,Colombia,"6,507",,293 ,,"1,439","4,775",118,128,6,"104,657","2,057",South America,,,,,,,,,,,,,,,,,,,,,,,,,,,,,,
55,01/05/2020,Malaysia,"6,071",+69,103 ,+1,"4,210","1,758",37,188,3,"160,296","4,953",Asia,,,,,,,,,,,,,,,,,,,,,,,,,,,,,,
56,01/05/2020,South Africa,"5,647",,103 ,,"2,073","3,471",36,95,2,"207,530","3,499",Africa,,,,,,,,,,,,,,,,,,,,,,,,,,,,,,
57,01/05/2020,Egypt,"5,537",,392 ,,"1,381","3,764",,54,4,"90,000",879,Africa,,,,,,,,,,,,,,,,,,,,,,,,,,,,,,
58,01/05/2020,Finland,"5,051",+56,211 ,,"3,000","1,840",48,912,38,"97,593","17,614",Europe,,,,,,,,,,,,,,,,,,,,,,,,,,,,,,
59,01/05/2020,Morocco,"4,529",+106,171 ,+1,"1,055","3,303",1,123,5,"35,803",970,Africa,,,,,,,,,,,,,,,,,,,,,,,,,,,,,,
60,01/05/2020,Argentina,"4,428",,218 ,,"1,256","2,954",157,98,5,"58,685","1,298",South America,,,,,,,,,,,,,,,,,,,,,,,,,,,,,,
61,01/05/2020,Kuwait,"4,024",,26 ,,"1,539","2,459",66,942,6,"179,000","41,915",Asia,,,,,,,,,,,,,,,,,,,,,,,,,,,,,,
62,01/05/2020,Algeria,"4,006",,450 ,,"1,779","1,777",22,91,10,"6,500",148,Africa,,,,,,,,,,,,,,,,,,,,,,,,,,,,,,
63,01/05/2020,Moldova,"3,897",,119 ,+3,"1,272","2,506",237,966,29,"11,763","2,916",Europe,,,,,,,,,,,,,,,,,,,,,,,,,,,,,,
64,01/05/2020,Luxembourg,"3,784",,90 ,,"3,213",481,23,"6,045",144,"42,643","68,122",Europe,,,,,,,,,,,,,,,,,,,,,,,,,,,,,,
65,01/05/2020,Kazakhstan,"3,551",+149,25 ,,866,"2,660",40,189,1,"268,534","14,301",Asia,,,,,,,,,,,,,,,,,,,,,,,,,,,,,,
66,01/05/2020,Bahrain,"3,040",,8 ,,"1,500","1,532",1,"1,787",5,"129,694","76,220",Asia,,,,,,,,,,,,,,,,,,,,,,,,,,,,,,
67,01/05/2020,Thailand,"2,960",+6,54 ,,"2,719",187,61,42,0.8,"178,083","2,551",Asia,,,,,,,,,,,,,,,,,,,,,,,,,,,,,,
68,01/05/2020,Hungary,"2,863",+88,323 ,+11,609,"1,931",49,296,33,"76,331","7,901",Europe,,,,,,,,,,,,,,,,,,,,,,,,,,,,,,
69,01/05/2020,Greece,"2,591",,140 ,,"1,374","1,077",38,249,13,"75,170","7,212",Europe,,,,,,,,,,,,,,,,,,,,,,,,,,,,,,
70,01/05/2020,Oman,"2,447",+99,11 ,,495,"1,941",17,479,2,"40,459","7,923",Asia,,,,,,,,,,,,,,,,,,,,,,,,,,,,,,
71,01/05/2020,Afghanistan,"2,335",+164,68 ,+4,310,"1,957",7,60,2,"10,593",272,Asia,,,,,,,,,,,,,,,,,,,,,,,,,,,,,,
72,01/05/2020,Armenia,"2,148",+82,33 ,+1,977,"1,138",10,725,11,"22,177","7,484",Asia,,,,,,,,,,,,,,,,,,,,,,,,,,,,,,
73,01/05/2020,Iraq,"2,085",,93 ,,"1,375",617,,52,2,"92,061","2,289",Asia,,,,,,,,,,,,,,,,,,,,,,,,,,,,,,
74,01/05/2020,Croatia,"2,076",,69 ,,"1,348",659,20,506,17,"36,221","8,823",Europe,,,,,,,,,,,,,,,,,,,,,,,,,,,,,,
75,01/05/2020,Ghana,"2,074",,17 ,,212,"1,845",4,67,0.5,"113,497","3,653",Africa,,,,,,,,,,,,,,,,,,,,,,,,,,,,,,
76,01/05/2020,Uzbekistan,"2,046",+7,9 ,,"1,159",878,8,61,0.3,"242,536","7,247",Asia,,,,,,,,,,,,,,,,,,,,,,,,,,,,,,
77,01/05/2020,Nigeria,"1,932",,58 ,,319,"1,555",2,9,0.3,"12,828",62,Africa,,,,,,,,,,,,,,,,,,,,,,,,,,,,,,
78,01/05/2020,Cameroon,"1,832",,61 ,,934,837,12,69,2,,,Africa,,,,,,,,,,,,,,,,,,,,,,,,,,,,,,
79,01/05/2020,Azerbaijan,"1,804",,24 ,,"1,325",455,17,178,2,"143,079","14,112",Asia,,,,,,,,,,,,,,,,,,,,,,,,,,,,,,
80,01/05/2020,Iceland,"1,797",,10 ,,"1,670",117,,"5,266",29,"48,413","141,873",Europe,,,,,,,,,,,,,,,,,,,,,,,,,,,,,,
81,01/05/2020,Bosnia and Herzegovina,"1,757",,69 ,,727,961,4,536,21,"30,793","9,386",Europe,,,,,,,,,,,,,,,,,,,,,,,,,,,,,,
82,01/05/2020,Estonia,"1,694",+5,52 ,,253,"1,389",7,"1,277",39,"53,767","40,532",Europe,,,,,,,,,,,,,,,,,,,,,,,,,,,,,,
83,01/05/2020,Bulgaria,"1,541",+35,66 ,,276,"1,199",40,222,9,"46,510","6,694",Europe,,,,,,,,,,,,,,,,,,,,,,,,,,,,,,
84,01/05/2020,Cuba,"1,501",,61 ,,681,759,10,133,5,"47,347","4,180",North America,,,,,,,,,,,,,,,,,,,,,,,,,,,,,,
85,01/05/2020,Guinea,"1,495",,7 ,,329,"1,159",,114,0.5,,,Africa,,,,,,,,,,,,,,,,,,,,,,,,,,,,,,
86,01/05/2020,New Zealand,"1,479",+3,19 ,,"1,252",208,1,307,4,"139,898","29,011",Australia/Oceania,,,,,,,,,,,,,,,,,,,,,,,,,,,,,,
87,01/05/2020,North Macedonia,"1,465",,77 ,,738,650,13,703,37,"16,050","7,704",Europe,,,,,,,,,,,,,,,,,,,,,,,,,,,,,,
88,01/05/2020,Slovenia,"1,429",,91 ,,233,"1,105",22,687,44,"52,948","25,469",Europe,,,,,,,,,,,,,,,,,,,,,,,,,,,,,,
89,01/05/2020,Slovakia,"1,403",+7,23 ,,558,822,5,257,4,"91,072","16,681",Europe,,,,,,,,,,,,,,,,,,,,,,,,,,,,,,
90,01/05/2020,Lithuania,"1,399",+14,45 ,,594,760,17,514,17,"132,768","48,771",Europe,,,,,,,,,,,,,,,,,,,,,,,,,,,,,,
91,01/05/2020,Ivory Coast,"1,275",,14 ,,574,687,,48,0.5,"9,657",366,Africa,,,,,,,,,,,,,,,,,,,,,,,,,,,,,,
92,01/05/2020,Bolivia,"1,167",+57,62 ,+3,132,973,3,100,5,"5,791",496,South America,,,,,,,,,,,,,,,,,,,,,,,,,,,,,,
93,01/05/2020,Djibouti,"1,089",,2 ,,642,445,,"1,102",2,"13,422","13,585",Africa,,,,,,,,,,,,,,,,,,,,,,,,,,,,,,
94,01/05/2020,Hong Kong,"1,040",+2,4 ,,859,177,4,139,0.5,"154,989","20,674",Asia,,,,,,,,,,,,,,,,,,,,,,,,,,,,,,
95,01/05/2020,Tunisia,994,,41 ,,305,648,24,84,3,"22,957","1,942",Africa,,,,,,,,,,,,,,,,,,,,,,,,,,,,,,
96,01/05/2020,Senegal,933,,9 ,,334,590,1,56,0.5,466,28,Africa,,,,,,,,,,,,,,,,,,,,,,,,,,,,,,
97,01/05/2020,Latvia,870,+12,16 ,+1,348,506,2,461,8,"61,120","32,404",Europe,,,,,,,,,,,,,,,,,,,,,,,,,,,,,,
98,01/05/2020,Cyprus,850,,15 ,,296,539,15,704,12,"58,109","48,129",Asia,,,,,,,,,,,,,,,,,,,,,,,,,,,,,,
99,01/05/2020,Honduras,804,+33,75 ,+4,112,617,10,81,8,"3,643",368,North America,,,,,,,,,,,,,,,,,,,,,,,,,,,,,,
100,01/05/2020,Albania,773,,31 ,,470,272,4,269,11,"8,253","2,868",Europe,,,,,,,,,,,,,,,,,,,,,,,,,,,,,,
101,01/05/2020,Kyrgyzstan,756,+10,8 ,,504,244,12,116,1,"51,472","7,889",Asia,,,,,,,,,,,,,,,,,,,,,,,,,,,,,,
102,01/05/2020,Andorra,745,,42 ,,468,235,17,"9,642",544,"1,673","21,653",Europe,,,,,,,,,,,,,,,,,,,,,,,,,,,,,,
103,01/05/2020,Lebanon,729,+4,24 ,,192,513,44,107,4,"36,420","5,336",Asia,,,,,,,,,,,,,,,,,,,,,,,,,,,,,,
104,01/05/2020,Niger,719,,32 ,,452,235,,30,1,"5,194",215,Africa,,,,,,,,,,,,,,,,,,,,,,,,,,,,,,
105,01/05/2020,Costa Rica,719,,6 ,,338,375,8,141,1,"13,240","2,599",North America,,,,,,,,,,,,,,,,,,,,,,,,,,,,,,
106,01/05/2020,Diamond Princess,712,,13 ,,645,54,4,,,,,,,,,,,,,,,,,,,,,,,,,,,,,,,,,,,
107,01/05/2020,Sri Lanka,668,+5,7 ,,157,504,1,31,0.3,"22,418","1,047",Asia,,,,,,,,,,,,,,,,,,,,,,,,,,,,,,
108,01/05/2020,Burkina Faso,645,,43 ,,506,96,,31,2,,,Africa,,,,,,,,,,,,,,,,,,,,,,,,,,,,,,
109,01/05/2020,Uruguay,643,,17 ,,417,209,10,185,5,"19,747","5,685",South America,,,,,,,,,,,,,,,,,,,,,,,,,,,,,,
110,01/05/2020,Somalia,601,,28 ,,31,542,2,38,2,,,Africa,,,,,,,,,,,,,,,,,,,,,,,,,,,,,,
111,01/05/2020,Guatemala,599,+14,16 ,,66,517,5,33,0.9,"7,200",402,North America,,,,,,,,,,,,,,,,,,,,,,,,,,,,,,
112,01/05/2020,DRC,572,,31 ,,73,468,,6,0.3,,,Africa,,,,,,,,,,,,,,,,,,,,,,,,,,,,,,
113,01/05/2020,San Marino,569,,41 ,,78,450,6,"16,769","1,208","2,305","67,932",Europe,,,,,,,,,,,,,,,,,,,,,,,,,,,,,,
114,01/05/2020,Georgia,566,+27,6 ,,184,376,6,142,2,"14,718","3,689",Asia,,,,,,,,,,,,,,,,,,,,,,,,,,,,,,
115,01/05/2020,Mayotte,539,,4 ,,235,300,4,"1,976",15,"3,000","10,996",Africa,,,,,,,,,,,,,,,,,,,,,,,,,,,,,,
116,01/05/2020,Channel Islands,537,,40 ,,386,111,,"3,089",230,"5,342","30,725",Europe,,,,,,,,,,,,,,,,,,,,,,,,,,,,,,
117,01/05/2020,Mali,490,,26 ,,135,329,,24,1,"2,172",107,Africa,,,,,,,,,,,,,,,,,,,,,,,,,,,,,,
118,01/05/2020,Tanzania,480,,16 ,,167,297,7,8,0.3,,,Africa,,,,,,,,,,,,,,,,,,,,,,,,,,,,,,
119,01/05/2020,Maldives,468,,1 ,,17,450,2,866,2,"8,008","14,815",Asia,,,,,,,,,,,,,,,,,,,,,,,,,,,,,,
120,01/05/2020,Malta,465,,4 ,,351,110,1,"1,053",9,"32,989","74,713",Europe,,,,,,,,,,,,,,,,,,,,,,,,,,,,,,
121,01/05/2020,Jordan,453,,8 ,,362,83,5,44,0.8,"63,737","6,247",Asia,,,,,,,,,,,,,,,,,,,,,,,,,,,,,,
122,01/05/2020,Sudan,442,,31 ,,39,372,,10,0.7,,,Africa,,,,,,,,,,,,,,,,,,,,,,,,,,,,,,
123,01/05/2020,Taiwan,429,,6 ,,324,99,,18,0.3,"63,340","2,659",Asia,,,,,,,,,,,,,,,,,,,,,,,,,,,,,,
124,01/05/2020,El Salvador,424,+29,10 ,,124,290,2,65,2,"25,492","3,930",North America,,,,,,,,,,,,,,,,,,,,,,,,,,,,,,
125,01/05/2020,Jamaica,422,+26,8 ,+1,29,385,3,143,3,"4,439","1,499",North America,,,,,,,,,,,,,,,,,,,,,,,,,,,,,,
126,01/05/2020,Réunion,420,, ,,300,120,2,469,,,,Africa,,,,,,,,,,,,,,,,,,,,,,,,,,,,,,
127,01/05/2020,Kenya,396,,17 ,,144,235,2,7,0.3,"20,268",377,Africa,,,,,,,,,,,,,,,,,,,,,,,,,,,,,,
128,01/05/2020,Palestine,344,,2 ,,76,266,,67,0.4,"32,200","6,312",Asia,,,,,,,,,,,,,,,,,,,,,,,,,,,,,,
129,01/05/2020,Venezuela,333,,16 ,,142,175,2,12,0.6,"458,737","16,132",South America,,,,,,,,,,,,,,,,,,,,,,,,,,,,,,
130,01/05/2020,Mauritius,332,,10 ,,310,12,3,261,8,"16,028","12,603",Africa,,,,,,,,,,,,,,,,,,,,,,,,,,,,,,
131,01/05/2020,Montenegro,322,,7 ,,219,96,2,513,11,"6,864","10,929",Europe,,,,,,,,,,,,,,,,,,,,,,,,,,,,,,
132,01/05/2020,Isle of Man,315,,21 ,,260,34,21,"3,704",247,"3,117","36,656",Europe,,,,,,,,,,,,,,,,,,,,,,,,,,,,,,
133,01/05/2020,Equatorial Guinea,315,,1 ,,9,305,,225,0.7,854,609,Africa,,,,,,,,,,,,,,,,,,,,,,,,,,,,,,
134,01/05/2020,Gabon,276,,3 ,,67,206,1,124,1,724,325,Africa,,,,,,,,,,,,,,,,,,,,,,,,,,,,,,
135,01/05/2020,Vietnam,270,, ,,219,51,8,3,,"261,004","2,681",Asia,,,,,,,,,,,,,,,,,,,,,,,,,,,,,,
136,01/05/2020,Paraguay,266,+17,10 ,+1,113,143,1,37,1,"9,454","1,325",South America,,,,,,,,,,,,,,,,,,,,,,,,,,,,,,
137,01/05/2020,Rwanda,243,, ,,104,139,,19,,"9,604",741,Africa,,,,,,,,,,,,,,,,,,,,,,,,,,,,,,
138,01/05/2020,Congo,220,,9 ,,19,192,,40,2,,,Africa,,,,,,,,,,,,,,,,,,,,,,,,,,,,,,
139,01/05/2020,Guinea-Bissau,205,,1 ,,19,185,,104,0.5,"1,500",762,Africa,,,,,,,,,,,,,,,,,,,,,,,,,,,,,,
140,01/05/2020,Faeroe Islands,187,, ,,184,3,,"3,827",,"7,081","144,915",Europe,,,,,,,,,,,,,,,,,,,,,,,,,,,,,,
141,01/05/2020,Martinique,178,,14 ,,83,81,5,474,37,,,North America,,,,,,,,,,,,,,,,,,,,,,,,,,,,,,
142,01/05/2020,Guadeloupe,151,,12 ,,95,44,11,377,30,,,North America,,,,,,,,,,,,,,,,,,,,,,,,,,,,,,
143,01/05/2020,Myanmar,151,+1,6 ,,28,117,,3,0.1,"8,085",149,Asia,,,,,,,,,,,,,,,,,,,,,,,,,,,,,,
144,01/05/2020,Gibraltar,144,, ,,131,13,,"4,274",,"2,626","77,944",Europe,,,,,,,,,,,,,,,,,,,,,,,,,,,,,,
145,01/05/2020,Liberia,141,,16 ,,45,80,,28,3,,,Africa,,,,,,,,,,,,,,,,,,,,,,,,,,,,,,
146,01/05/2020,Brunei ,138,,1 ,,124,13,2,315,2,"13,717","31,355",Asia,,,,,,,,,,,,,,,,,,,,,,,,,,,,,,
147,01/05/2020,Ethiopia,133,+2,3 ,,66,64,,1,0.03,"18,754",163,Africa,,,,,,,,,,,,,,,,,,,,,,,,,,,,,,
148,01/05/2020,Madagascar,128,, ,,92,36,1,5,,"3,228",117,Africa,,,,,,,,,,,,,,,,,,,,,,,,,,,,,,
149,01/05/2020,French Guiana,126,,1 ,,94,31,2,422,3,,,South America,,,,,,,,,,,,,,,,,,,,,,,,,,,,,,
150,01/05/2020,Sierra Leone,124,,7 ,,21,96,,16,0.9,,,Africa,,,,,,,,,,,,,,,,,,,,,,,,,,,,,,
151,01/05/2020,Cambodia,122,, ,,119,3,1,7,,"12,084",723,Asia,,,,,,,,,,,,,,,,,,,,,,,,,,,,,,
152,01/05/2020,Cabo Verde,121,,1 ,,4,116,,218,2,791,"1,423",Africa,,,,,,,,,,,,,,,,,,,,,,,,,,,,,,
153,01/05/2020,Togo,116,,9 ,,65,42,,14,1,"6,882",831,Africa,,,,,,,,,,,,,,,,,,,,,,,,,,,,,,
154,01/05/2020,Trinidad and Tobago,116,,8 ,,73,35,,83,6,"1,772","1,266",North America,,,,,,,,,,,,,,,,,,,,,,,,,,,,,,
155,01/05/2020,Bermuda,114,,6 ,,48,60,4,"1,831",96,"2,500","40,143",North America,,,,,,,,,,,,,,,,,,,,,,,,,,,,,,
156,01/05/2020,Zambia,106,,3 ,,55,48,1,6,0.2,"5,284",287,Africa,,,,,,,,,,,,,,,,,,,,,,,,,,,,,,
157,01/05/2020,Aruba,100,,2 ,,79,19,4,937,19,"1,691","15,838",North America,,,,,,,,,,,,,,,,,,,,,,,,,,,,,,
158,01/05/2020,Eswatini,100,,1 ,,12,87,,86,0.9,714,615,Africa,,,,,,,,,,,,,,,,,,,,,,,,,,,,,,
159,01/05/2020,Monaco,95,,4 ,,64,27,1,"2,421",102,,,Europe,,,,,,,,,,,,,,,,,,,,,,,,,,,,,,
160,01/05/2020,Uganda,83,, ,,52,31,,2,,"31,364",686,Africa,,,,,,,,,,,,,,,,,,,,,,,,,,,,,,
161,01/05/2020,Guyana,82,,9 ,,22,51,2,104,11,579,736,South America,,,,,,,,,,,,,,,,,,,,,,,,,,,,,,
162,01/05/2020,Liechtenstein,82,,1 ,,55,26,,"2,151",26,900,"23,605",Europe,,,,,,,,,,,,,,,,,,,,,,,,,,,,,,
163,01/05/2020,Bahamas,81,,11 ,,25,45,1,206,28,"1,284","3,265",North America,,,,,,,,,,,,,,,,,,,,,,,,,,,,,,
164,01/05/2020,Haiti,81,,8 ,,8,65,,7,0.7,827,73,North America,,,,,,,,,,,,,,,,,,,,,,,,,,,,,,
165,01/05/2020,Barbados,81,,7 ,,39,35,4,282,24,"2,160","7,516",North America,,,,,,,,,,,,,,,,,,,,,,,,,,,,,,
166,01/05/2020,Mozambique,76,, ,,12,64,,2,,"1,896",61,Africa,,,,,,,,,,,,,,,,,,,,,,,,,,,,,,
167,01/05/2020,Sint Maarten,75,,13 ,,33,29,7,"1,749",303,302,"7,044",North America,,,,,,,,,,,,,,,,,,,,,,,,,,,,,,
168,01/05/2020,Chad,73,,5 ,,33,35,,4,0.3,,,Africa,,,,,,,,,,,,,,,,,,,,,,,,,,,,,,
169,01/05/2020,Cayman Islands,73,,1 ,,10,62,3,"1,111",15,"1,535","23,356",North America,,,,,,,,,,,,,,,,,,,,,,,,,,,,,,
170,01/05/2020,Benin,64,,1 ,,33,30,,5,0.08,,,Africa,,,,,,,,,,,,,,,,,,,,,,,,,,,,,,
171,01/05/2020,CAR,64,+14, ,,10,54,,13,,,,Africa,,,,,,,,,,,,,,,,,,,,,,,,,,,,,,
172,01/05/2020,Libya,61,,3 ,,18,40,,9,0.4,"1,949",284,Africa,,,,,,,,,,,,,,,,,,,,,,,,,,,,,,
173,01/05/2020,Nepal,59,+2, ,,16,43,,2,,"58,871","2,021",Asia,,,,,,,,,,,,,,,,,,,,,,,,,,,,,,
174,01/05/2020,French Polynesia,58,, ,,50,8,1,206,,"2,409","8,576",Australia/Oceania,,,,,,,,,,,,,,,,,,,,,,,,,,,,,,
175,01/05/2020,Macao,45,, ,,37,8,1,69,,,,Asia,,,,,,,,,,,,,,,,,,,,,,,,,,,,,,
176,01/05/2020,Syria,43,,3 ,,21,19,,2,0.2,,,Asia,,,,,,,,,,,,,,,,,,,,,,,,,,,,,,
177,01/05/2020,Zimbabwe,40,,4 ,,5,31,,3,0.3,"7,642",514,Africa,,,,,,,,,,,,,,,,,,,,,,,,,,,,,,
178,01/05/2020,Eritrea,39,, ,,26,13,,11,,,,Africa,,,,,,,,,,,,,,,,,,,,,,,,,,,,,,
179,01/05/2020,Saint Martin,38,,3 ,,24,11,3,983,78,,,North America,,,,,,,,,,,,,,,,,,,,,,,,,,,,,,
180,01/05/2020,Mongolia,38,, ,,10,28,,12,,"7,672","2,340",Asia,,,,,,,,,,,,,,,,,,,,,,,,,,,,,,
181,01/05/2020,Malawi,37,,3 ,,7,27,1,2,0.2,774,40,Africa,,,,,,,,,,,,,,,,,,,,,,,,,,,,,,
182,01/05/2020,South Sudan,35,, ,,,35,,3,,,,Africa,,,,,,,,,,,,,,,,,,,,,,,,,,,,,,
183,01/05/2020,Angola,27,,2 ,,7,18,,0.8,0.06,,,Africa,,,,,,,,,,,,,,,,,,,,,,,,,,,,,,
184,01/05/2020,Antigua and Barbuda,24,,3 ,,11,10,1,245,31,113,"1,154",North America,,,,,,,,,,,,,,,,,,,,,,,,,,,,,,
185,01/05/2020,Timor-Leste,24,, ,,16,8,,18,,322,244,Asia,,,,,,,,,,,,,,,,,,,,,,,,,,,,,,
186,01/05/2020,Botswana,23,,1 ,,5,17,,10,0.4,"6,548","2,784",Africa,,,,,,,,,,,,,,,,,,,,,,,,,,,,,,
187,01/05/2020,Grenada,20,, ,,13,7,4,178,,"1,406","12,495",North America,,,,,,,,,,,,,,,,,,,,,,,,,,,,,,
188,01/05/2020,Laos,19,, ,,8,11,,3,,"2,021",278,Asia,,,,,,,,,,,,,,,,,,,,,,,,,,,,,,
189,01/05/2020,Belize,18,,2 ,,13,3,1,45,5,"1,043","2,623",North America,,,,,,,,,,,,,,,,,,,,,,,,,,,,,,
190,01/05/2020,Fiji,18,, ,,12,6,,20,,"1,007","1,123",Australia/Oceania,,,,,,,,,,,,,,,,,,,,,,,,,,,,,,
191,01/05/2020,New Caledonia,18,, ,,17,1,1,63,,"4,456","15,608",Australia/Oceania,,,,,,,,,,,,,,,,,,,,,,,,,,,,,,
192,01/05/2020,Saint Lucia,17,, ,,15,2,,93,,446,"2,429",North America,,,,,,,,,,,,,,,,,,,,,,,,,,,,,,
193,01/05/2020,Curaçao,16,,1 ,,13,2,,98,6,343,"2,090",North America,,,,,,,,,,,,,,,,,,,,,,,,,,,,,,
194,01/05/2020,Sao Tome and Principe,16,+2,1 ,+1,4,11,,73,5,19,87,Africa,,,,,,,,,,,,,,,,,,,,,,,,,,,,,,
195,01/05/2020,Dominica,16,, ,,13,3,,222,,383,"5,320",North America,,,,,,,,,,,,,,,,,,,,,,,,,,,,,,
196,01/05/2020,Namibia,16,, ,,8,8,,6,,704,277,Africa,,,,,,,,,,,,,,,,,,,,,,,,,,,,,,
197,01/05/2020,St. Vincent Grenadines,16,, ,,8,8,,144,,108,973,North America,,,,,,,,,,,,,,,,,,,,,,,,,,,,,,
198,01/05/2020,Saint Kitts and Nevis,15,, ,,6,9,,282,,293,"5,508",North America,,,,,,,,,,,,,,,,,,,,,,,,,,,,,,
199,01/05/2020,Tajikistan,15,, ,,,15,,2,,,,Asia,,,,,,,,,,,,,,,,,,,,,,,,,,,,,,
200,01/05/2020,Nicaragua,14,,3 ,,7,4,,2,0.5,,,North America,,,,,,,,,,,,,,,,,,,,,,,,,,,,,,
201,01/05/2020,Falkland Islands,13,, ,,13,0,,"3,736",,372,"106,897",South America,,,,,,,,,,,,,,,,,,,,,,,,,,,,,,
202,01/05/2020,Gambia,12,+1,1 ,,8,3,,5,0.4,401,166,Africa,,,,,,,,,,,,,,,,,,,,,,,,,,,,,,
203,01/05/2020,Turks and Caicos,12,,1 ,,5,6,,310,26,83,"2,144",North America,,,,,,,,,,,,,,,,,,,,,,,,,,,,,,
204,01/05/2020,Burundi,11,,1 ,,4,6,,0.9,0.08,284,24,Africa,,,,,,,,,,,,,,,,,,,,,,,,,,,,,,
205,01/05/2020,Montserrat,11,,1 ,,2,8,1,"2,204",200,36,"7,212",North America,,,,,,,,,,,,,,,,,,,,,,,,,,,,,,
206,01/05/2020,Greenland,11,, ,,11,0,,194,,"1,258","22,160",North America,,,,,,,,,,,,,,,,,,,,,,,,,,,,,,
207,01/05/2020,Vatican City,11,, ,,2,9,,"13,733",,,,Europe,,,,,,,,,,,,,,,,,,,,,,,,,,,,,,
208,01/05/2020,Seychelles,11,, ,,6,5,,112,,,,Africa,,,,,,,,,,,,,,,,,,,,,,,,,,,,,,
209,01/05/2020,Suriname,10,,1 ,,8,1,,17,2,404,689,South America,,,,,,,,,,,,,,,,,,,,,,,,,,,,,,
210,01/05/2020,MS Zaandam,9,,2 ,,,7,,,,,,,,,,,,,,,,,,,,,,,,,,,,,,,,,,,,
211,01/05/2020,Mauritania,8,,1 ,,6,1,,2,0.2,"1,032",222,Africa,,,,,,,,,,,,,,,,,,,,,,,,,,,,,,
212,01/05/2020,Papua New Guinea,8,, ,,,8,,0.9,,604,68,Australia/Oceania,,,,,,,,,,,,,,,,,,,,,,,,,,,,,,
213,01/05/2020,Bhutan,7,, ,,5,2,,9,,"10,101","13,091",Asia,,,,,,,,,,,,,,,,,,,,,,,,,,,,,,
214,01/05/2020,Yemen,6,,2 ,,1,3,,0.2,0.07,120,4,Asia,,,,,,,,,,,,,,,,,,,,,,,,,,,,,,
215,01/05/2020,British Virgin Islands,6,,1 ,,3,2,,198,33,,,North America,,,,,,,,,,,,,,,,,,,,,,,,,,,,,,
216,01/05/2020,St. Barth,6,, ,,6,0,,607,,,,North America,,,,,,,,,,,,,,,,,,,,,,,,,,,,,,
217,01/05/2020,Western Sahara,6,, ,,5,1,,10,,,,Africa,,,,,,,,,,,,,,,,,,,,,,,,,,,,,,
218,01/05/2020,Caribbean Netherlands,5,, ,,,5,,191,,110,"4,195",North America,,,,,,,,,,,,,,,,,,,,,,,,,,,,,,
219,01/05/2020,Anguilla,3,, ,,3,0,,200,,,,North America,,,,,,,,,,,,,,,,,,,,,,,,,,,,,,
220,01/05/2020,Comoros,1,, ,,,1,,1,,,,Africa,,,,,,,,,,,,,,,,,,,,,,,,,,,,,,
221,01/05/2020,Saint Pierre Miquelon,1,, ,,,1,,173,,,,North America,,,,,,,,,,,,,,,,,,,,,,,,,,,,,,
222,01/05/2020,China,"82,874",+12,"4,633 ",,"77,642",599,38,58,3,,,Asia,,,,,,,,,,,,,,,,,,,,,,,,,,,,,,
223,01/05/2020,Total:,"1,187,036","+1,962","69,676",+157,"192,456","924,904","16,478",,,,,North America,,,,,,,,,,,,,,,,,,,,,,,,,,,,,,
224,01/05/2020,Total:,"1,384,069","+10,625","135,485",+250,"510,442","738,142","18,761",,,,,Europe,,,,,,,,,,,,,,,,,,,,,,,,,,,,,,
225,01/05/2020,Total:,"524,057","+4,007","18,669",+59,"266,525","238,863","5,721",,,,,Asia,,,,,,,,,,,,,,,,,,,,,,,,,,,,,,
226,01/05/2020,Total:,"178,695","+1,881","8,811",+109,"60,114","109,770","9,802",,,,,South America,,,,,,,,,,,,,,,,,,,,,,,,,,,,,,
227,01/05/2020,Total:,"8,347",+15,112,+1,"7,070","1,165",34,,,,,Australia/Oceania,,,,,,,,,,,,,,,,,,,,,,,,,,,,,,
228,01/05/2020,Total:,"39,910",+125,"1,640",+2,"13,156","25,114",126,,,,,Africa,,,,,,,,,,,,,,,,,,,,,,,,,,,,,,
229,01/05/2020,Total:,721,,15,,645,61,4,,,,,,,,,,,,,,,,,,,,,,,,,,,,,,,,,,,
230,01/05/2020,Total:,"3,322,835","+18,615","234,408",+578,"1,050,408","2,038,019","50,926",426.3,30.1,,,All,,,,,,,,,,,,,,,,,,,,,,,,,,,,,,
0,,,,,,,,,,,,,,,date,,"Country,Other",,Deaths/1M pop,,TotalTests,,"Tests/
1M pop
",,Continent,,TotalCases,,NewCases,,TotalDeaths,,NewDeaths,,TotalRecovered,,ActiveCases,,"Serious,Critical",,Tot Cases/1M pop,,0.0,
1,,,,,,,,,,,,,,,30/04/2020,,"
North America
",,,,,,,,North America,,"1,152,778",,"+1,852",,"67,132",,+185,,"182,782",,"902,864",,"20,120",,,,1.0,
2,,,,,,,,,,,,,,,30/04/2020,,"
Europe
",,,,,,,,Europe,,"1,357,647",,"+10,267",,"133,195",,+248,,"490,627",,"733,825",,"24,137",,,,2.0,
3,,,,,,,,,,,,,,,30/04/2020,,"
Asia
",,,,,,,,Asia,,"512,028",,"+4,700",,"18,411",,+134,,"258,960",,"234,657",,"5,788",,,,3.0,
4,,,,,,,,,,,,,,,30/04/2020,,"
South America
",,,,,,,,South America,,"166,469",,+655,,"8,150",,+6,,"57,299",,"101,020",,"9,748",,,,4.0,
5,,,,,,,,,,,,,,,30/04/2020,,"
Oceania
",,,,,,,,Australia/Oceania,,"8,331",,+9,,110,,+2,,"7,035",,"1,186",,37,,,,5.0,
6,,,,,,,,,,,,,,,30/04/2020,,"
Africa
",,,,,,,,Africa,,"38,322",,+630,,"1,598",,+6,,"12,732",,"23,992",,122,,,,6.0,
7,,,,,,,,,,,,,,,30/04/2020,,"

",,,,,,,,,,721,,,,15,,,,645,,61,,4,,,,7.0,
8,,,,,,,,,,,,,,,30/04/2020,,World,,29.3,,,,,,All,,"3,236,296",,"+18,113",,"228,611",,+581,,"1,010,080",,"1,997,605",,"59,956",,415,,8.0,
9,,,,,,,,,,,,,,,30/04/2020,,USA,,186,,"6,139,911",,"18,549",,North America,,"1,064,737",,+543,,"61,670 ",,+14,,"147,411",,"855,656",,"18,851",,"3,217",,9.0,
10,,,,,,,,,,,,,,,30/04/2020,,Spain,,519,,"1,414,477",,"30,253",,Europe,,"236,899",,,,"24,275 ",,,,"132,929",,"79,695",,"7,764",,"5,067",,10.0,
11,,,,,,,,,,,,,,,30/04/2020,,Italy,,458,,"1,910,761",,"31,603",,Europe,,"203,591",,,,"27,682 ",,,,"71,252",,"104,657",,"1,795",,"3,367",,11.0,
12,,,,,,,,,,,,,,,30/04/2020,,France,,369,,"463,662",,"7,103",,Europe,,"166,420",,,,"24,087 ",,,,"48,228",,"94,105",,"4,207",,"2,550",,12.0,
13,,,,,,,,,,,,,,,30/04/2020,,UK,,384,,"818,539",,"12,058",,Europe,,"165,221",,,,"26,097  ",,,,,,"138,780",,"1,559",,"2,434",,13.0,
14,,,,,,,,,,,,,,,30/04/2020,,Germany,,77,,"2,547,052",,"30,400",,Europe,,"161,552",,+13,,"6,467 ",,,,"123,500",,"31,585",,"2,415",,"1,928",,14.0,
15,,,,,,,,,,,,,,,30/04/2020,,Turkey,,37,,"991,613",,"11,757",,Asia,,"117,589",,,,"3,081 ",,,,"44,040",,"70,468",,"1,574",,"1,394",,15.0,
16,,,,,,,,,,,,,,,30/04/2020,,Russia,,7,,"3,490,000",,"23,915",,Europe,,"106,498",,"+7,099",,"1,073 ",,+101,,"11,619",,"93,806",,"2,300",,730,,16.0,
17,,,,,,,,,,,,,,,30/04/2020,,Iran,,72,,"463,295",,"5,516",,Asia,,"94,640",,+983,,"6,028 ",,+71,,"75,103",,"13,509",,"2,976",,"1,127",,17.0,
18,,,,,,,,,,,,,,,30/04/2020,,Brazil,,26,,"339,552",,"1,597",,South America,,"79,685",,+324,,"5,513 ",,+2,,"34,132",,"40,040",,"8,318",,375,,18.0,
19,,,,,,,,,,,,,,,30/04/2020,,Canada,,79,,"779,613",,"20,656",,North America,,"51,597",,,,"2,996 ",,,,"20,327",,"28,274",,557,,"1,367",,19.0,
20,,,,,,,,,,,,,,,30/04/2020,,Belgium,,655,,"237,963",,"20,532",,Europe,,"48,519",,+660,,"7,594 ",,+93,,"11,576",,"29,349",,769,,"4,186",,20.0,
21,,,,,,,,,,,,,,,30/04/2020,,Netherlands,,275,,"213,372",,"12,453",,Europe,,"38,802",,,,"4,711 ",,,,,,"33,841",,804,,"2,265",,21.0,
22,,,,,,,,,,,,,,,30/04/2020,,Peru,,29,,"296,262",,"8,985",,South America,,"33,931",,,,943 ,,,,"10,037",,"22,951",,623,,"1,029",,22.0,
23,,,,,,,,,,,,,,,30/04/2020,,India,,0.8,,"830,201",,602,,Asia,,"33,062",,,,"1,079 ",,,,"8,437",,"23,546",,,,24,,23.0,
24,,,,,,,,,,,,,,,30/04/2020,,Switzerland,,198,,"266,200",,"30,758",,Europe,,"29,586",,+179,,"1,716 ",,,,"23,100",,"4,770",,167,,"3,419",,24.0,
25,,,,,,,,,,,,,,,30/04/2020,,Ecuador,,50,,"61,529",,"3,487",,South America,,"24,675",,,,883 ,,,,"1,557",,"22,235",,146,,"1,399",,25.0,
26,,,,,,,,,,,,,,,30/04/2020,,Portugal,,95,,"379,551",,"37,223",,Europe,,"24,505",,,,973 ,,,,"1,470",,"22,062",,169,,"2,403",,26.0,
27,,,,,,,,,,,,,,,30/04/2020,,Saudi Arabia,,5,,"200,000",,"5,745",,Asia,,"21,402",,,,157 ,,,,"2,953",,"18,292",,125,,615,,27.0,
28,,,,,,,,,,,,,,,30/04/2020,,Sweden,,244,,"119,500",,"11,833",,Europe,,"20,302",,,,"2,462 ",,,,"1,005",,"16,835",,479,,"2,010",,28.0,
29,,,,,,,,,,,,,,,30/04/2020,,Ireland,,241,,"153,954",,"31,179",,Europe,,"20,253",,,,"1,190 ",,,,"13,386",,"5,677",,129,,"4,102",,29.0,
30,,,,,,,,,,,,,,,30/04/2020,,Mexico,,13,,"81,912",,635,,North America,,"17,799",,"+1,047",,"1,732 ",,+163,,"11,423",,"4,644",,378,,138,,30.0,
31,,,,,,,,,,,,,,,30/04/2020,,Singapore,,2,,"143,919",,"24,600",,Asia,,"16,169",,+528,,14 ,,,,"1,188",,"14,967",,22,,"2,764",,31.0,
32,,,,,,,,,,,,,,,30/04/2020,,Israel,,25,,"364,467",,"42,108",,Asia,,"15,870",,+36,,219 ,,+4,,"8,412",,"7,239",,117,,"1,834",,32.0,
33,,,,,,,,,,,,,,,30/04/2020,,Pakistan,,2,,"174,160",,788,,Asia,,"15,759",,+234,,346 ,,+3,,"4,052",,"11,361",,111,,71,,33.0,
34,,,,,,,,,,,,,,,30/04/2020,,Austria,,65,,"256,399",,"28,469",,Europe,,"15,452",,+50,,584 ,,+4,,"12,907",,"1,961",,128,,"1,716",,34.0,
35,,,,,,,,,,,,,,,30/04/2020,,Chile,,11,,"172,619",,"9,030",,South America,,"15,135",,+250,,216 ,,,,"8,057",,"6,862",,377,,792,,35.0,
36,,,,,,,,,,,,,,,30/04/2020,,Belarus,,9,,"176,625",,"18,692",,Europe,,"14,027",,+846,,89 ,,+5,,"2,386",,"11,552",,92,,"1,484",,36.0,
37,,,,,,,,,,,,,,,30/04/2020,,Japan,,3,,"164,255",,"1,299",,Asia,,"13,965",,+70,,425 ,,+12,,"2,368",,"11,172",,306,,110,,37.0,
38,,,,,,,,,,,,,,,30/04/2020,,Poland,,17,,"338,027",,"8,931",,Europe,,"12,781",,+141,,628 ,,+4,,"3,236",,"8,917",,160,,338,,38.0,
39,,,,,,,,,,,,,,,30/04/2020,,Qatar,,3,,"91,415",,"31,730",,Asia,,"12,564",,,,10 ,,,,"1,243",,"11,311",,72,,"4,361",,39.0,
40,,,,,,,,,,,,,,,30/04/2020,,UAE,,11,,"1,122,000",,"113,443",,Asia,,"12,481",,+552,,105 ,,+7,,"2,429",,"9,947",,1,,"1,262",,40.0,
41,,,,,,,,,,,,,,,30/04/2020,,Romania,,36,,"175,374",,"9,116",,Europe,,"12,240",,+262,,695 ,,+2,,"4,017",,"7,528",,221,,636,,41.0,
42,,,,,,,,,,,,,,,30/04/2020,,S. Korea,,5,,"619,881",,"12,091",,Asia,,"10,765",,+4,,247 ,,+1,,"9,059",,"1,459",,55,,210,,42.0,
43,,,,,,,,,,,,,,,30/04/2020,,Ukraine,,6,,"111,859",,"2,558",,Europe,,"10,406",,+540,,261 ,,+11,,"1,238",,"8,907",,138,,238,,43.0,
44,,,,,,,,,,,,,,,30/04/2020,,Indonesia,,3,,"94,599",,346,,Asia,,"10,118",,+347,,792 ,,+8,,"1,522",,"7,804",,,,37,,44.0,
45,,,,,,,,,,,,,,,30/04/2020,,Denmark,,76,,"193,165",,"33,349",,Europe,,"9,158",,+150,,443 ,,,,"6,366",,"2,349",,66,,"1,581",,45.0,
46,,,,,,,,,,,,,,,30/04/2020,,Serbia,,20,,"78,942",,"9,035",,Europe,,"8,724",,,,173 ,,,,"1,292",,"7,259",,78,,998,,46.0,
47,,,,,,,,,,,,,,,30/04/2020,,Philippines,,5,,"104,146",,950,,Asia,,"8,488",,+276,,568 ,,+10,,"1,043",,"6,877",,31,,77,,47.0,
48,,,,,,,,,,,,,,,30/04/2020,,Norway,,38,,"169,124",,"31,197",,Europe,,"7,710",,,,207 ,,,,32,,"7,471",,40,,"1,422",,48.0,
49,,,,,,,,,,,,,,,30/04/2020,,Bangladesh,,1,,"64,666",,393,,Asia,,"7,667",,+564,,168 ,,+5,,160,,"7,339",,1,,47,,49.0,
50,,,,,,,,,,,,,,,30/04/2020,,Czechia,,21,,"242,088",,"22,606",,Europe,,"7,581",,+2,,227 ,,,,"3,120",,"4,234",,68,,708,,50.0,
51,,,,,,,,,,,,,,,30/04/2020,,Australia,,4,,"563,641",,"22,104",,Australia/Oceania,,"6,753",,+7,,91 ,,+2,,"5,715",,947,,34,,265,,51.0,
52,,,,,,,,,,,,,,,30/04/2020,,Dominican Republic,,27,,"25,368",,"2,339",,North America,,"6,652",,,,293 ,,,,"1,228",,"5,131",,144,,613,,52.0,
53,,,,,,,,,,,,,,,30/04/2020,,Panama,,41,,"29,837",,"6,915",,North America,,"6,378",,+178,,178 ,,+2,,527,,"5,673",,92,,"1,478",,53.0,
54,,,,,,,,,,,,,,,30/04/2020,,Colombia,,5,,"95,085",,"1,869",,South America,,"6,211",,+4,,278 ,,,,"1,411",,"4,522",,118,,122,,54.0,
55,,,,,,,,,,,,,,,30/04/2020,,Malaysia,,3,,"160,296",,"4,953",,Asia,,"6,002",,+57,,102 ,,+2,,"4,171",,"1,729",,40,,185,,55.0,
56,,,,,,,,,,,,,,,30/04/2020,,South Africa,,2,,"197,127",,"3,324",,Africa,,"5,350",,,,103 ,,,,"2,073",,"3,174",,36,,90,,56.0,
57,,,,,,,,,,,,,,,30/04/2020,,Egypt,,4,,"90,000",,879,,Africa,,"5,268",,,,380 ,,,,"1,335",,"3,553",,,,51,,57.0,
58,,,,,,,,,,,,,,,30/04/2020,,Finland,,37,,"93,866",,"16,941",,Europe,,"4,995",,+89,,206 ,,,,"2,800",,"1,989",,51,,902,,58.0,
59,,,,,,,,,,,,,,,30/04/2020,,Morocco,,5,,"33,922",,919,,Africa,,"4,359",,+38,,168 ,,,,969,,"3,222",,1,,118,,59.0,
60,,,,,,,,,,,,,,,30/04/2020,,Argentina,,5,,"56,058",,"1,240",,South America,,"4,285",,,,214 ,,,,"1,192",,"2,879",,144,,95,,60.0,
61,,,,,,,,,,,,,,,30/04/2020,,Kuwait,,6,,"179,000",,"41,915",,Asia,,"4,024",,+284,,26 ,,+2,,"1,539",,"2,459",,66,,942,,61.0,
62,,,,,,,,,,,,,,,30/04/2020,,Algeria,,10,,"6,500",,148,,Africa,,"3,848",,,,444 ,,,,"1,702",,"1,702",,22,,88,,62.0,
63,,,,,,,,,,,,,,,30/04/2020,,Moldova,,29,,"11,763",,"2,916",,Europe,,"3,771",,,,116 ,,+5,,"1,182",,"2,473",,237,,935,,63.0,
64,,,,,,,,,,,,,,,30/04/2020,,Luxembourg,,142,,"41,758",,"66,708",,Europe,,"3,769",,,,89 ,,,,"3,134",,546,,21,,"6,021",,64.0,
65,,,,,,,,,,,,,,,30/04/2020,,Kazakhstan,,1,,"249,527",,"13,289",,Asia,,"3,356",,+218,,25 ,,,,819,,"2,512",,41,,179,,65.0,
66,,,,,,,,,,,,,,,30/04/2020,,Thailand,,0.8,,"178,083",,"2,551",,Asia,,"2,954",,+7,,54 ,,,,"2,684",,216,,61,,42,,66.0,
67,,,,,,,,,,,,,,,30/04/2020,,Bahrain,,5,,"126,905",,"74,581",,Asia,,"2,921",,,,8 ,,,,"1,455",,"1,458",,1,,"1,717",,67.0,
68,,,,,,,,,,,,,,,30/04/2020,,Hungary,,32,,"72,951",,"7,552",,Europe,,"2,775",,+48,,312 ,,+12,,581,,"1,882",,54,,287,,68.0,
69,,,,,,,,,,,,,,,30/04/2020,,Greece,,13,,"72,130",,"6,920",,Europe,,"2,576",,,,139 ,,,,577,,"1,860",,41,,247,,69.0,
70,,,,,,,,,,,,,,,30/04/2020,,Oman,,2,,,,,,Asia,,"2,348",,+74,,11 ,,+1,,495,,"1,842",,3,,460,,70.0,
71,,,,,,,,,,,,,,,30/04/2020,,Afghanistan,,2,,"10,022",,257,,Asia,,"2,171",,+232,,64 ,,+4,,260,,"1,847",,7,,56,,71.0,
72,,,,,,,,,,,,,,,30/04/2020,,Ghana,,0.5,,"106,090",,"3,414",,Africa,,"2,074",,+403,,17 ,,+1,,212,,"1,845",,4,,67,,72.0,
73,,,,,,,,,,,,,,,30/04/2020,,Armenia,,11,,"21,125",,"7,129",,Asia,,"2,066",,+134,,32  ,,+2,,929,,"1,105",,10,,697,,73.0,
74,,,,,,,,,,,,,,,30/04/2020,,Croatia,,16,,"34,476",,"8,398",,Europe,,"2,062",,,,67 ,,,,"1,288",,707,,19,,502,,74.0,
75,,,,,,,,,,,,,,,30/04/2020,,Uzbekistan,,0.3,,"242,536",,"7,247",,Asia,,"2,017",,+15,,9 ,,,,"1,096",,912,,8,,60,,75.0,
76,,,,,,,,,,,,,,,30/04/2020,,Iraq,,2,,"86,708",,"2,156",,Asia,,"2,003",,,,92 ,,,,"1,346",,565,,,,50,,76.0,
77,,,,,,,,,,,,,,,30/04/2020,,Cameroon,,2,,,,,,Africa,,"1,832",,,,61 ,,,,934,,837,,12,,69,,77.0,
78,,,,,,,,,,,,,,,30/04/2020,,Iceland,,29,,"47,573",,"139,411",,Europe,,"1,797",,,,10 ,,,,"1,656",,131,,,,"5,266",,78.0,
79,,,,,,,,,,,,,,,30/04/2020,,Azerbaijan,,2,,"137,379",,"13,549",,Asia,,"1,766",,,,23 ,,,,"1,267",,476,,18,,174,,79.0,
80,,,,,,,,,,,,,,,30/04/2020,,Bosnia and Herzegovina,,21,,"30,793",,"9,386",,Europe,,"1,757",,+80,,69 ,,+4,,727,,961,,4,,536,,80.0,
81,,,,,,,,,,,,,,,30/04/2020,,Nigeria,,0.2,,"12,828",,62,,Africa,,"1,728",,,,51 ,,,,307,,"1,370",,2,,8,,81.0,
82,,,,,,,,,,,,,,,30/04/2020,,Estonia,,39,,"52,741",,"39,758",,Europe,,"1,689",,+23,,52 ,,+2,,249,,"1,388",,9,,"1,273",,82.0,
83,,,,,,,,,,,,,,,30/04/2020,,Bulgaria,,9,,"45,208",,"6,506",,Europe,,"1,488",,+41,,65 ,,+1,,266,,"1,157",,38,,214,,83.0,
84,,,,,,,,,,,,,,,30/04/2020,,New Zealand,,4,,"134,570",,"27,906",,Australia/Oceania,,"1,476",,+2,,19 ,,,,"1,241",,216,,1,,306,,84.0,
85,,,,,,,,,,,,,,,30/04/2020,,Cuba,,5,,"45,344",,"4,003",,North America,,"1,467",,,,58 ,,,,617,,792,,14,,130,,85.0,
86,,,,,,,,,,,,,,,30/04/2020,,North Macedonia,,35,,"16,050",,"7,704",,Europe,,"1,442",,,,73 ,,,,627,,742,,13,,692,,86.0,
87,,,,,,,,,,,,,,,30/04/2020,,Slovenia,,44,,"52,948",,"25,469",,Europe,,"1,429",,+11,,91 ,,+2,,233,,"1,105",,22,,687,,87.0,
88,,,,,,,,,,,,,,,30/04/2020,,Slovakia,,4,,"85,922",,"15,738",,Europe,,"1,396",,+5,,23 ,,+1,,524,,849,,8,,256,,88.0,
89,,,,,,,,,,,,,,,30/04/2020,,Lithuania,,17,,"125,555",,"46,121",,Europe,,"1,385",,+10,,45 ,,,,589,,751,,17,,509,,89.0,
90,,,,,,,,,,,,,,,30/04/2020,,Guinea,,0.5,,,,,,Africa,,"1,351",,,,7 ,,,,313,,"1,031",,,,103,,90.0,
91,,,,,,,,,,,,,,,30/04/2020,,Ivory Coast,,0.5,,,,,,Africa,,"1,238",,,,14 ,,,,557,,667,,,,47,,91.0,
92,,,,,,,,,,,,,,,30/04/2020,,Bolivia,,5,,"5,791",,496,,South America,,"1,110",,+57,,59 ,,+4,,117,,934,,3,,95,,92.0,
93,,,,,,,,,,,,,,,30/04/2020,,Djibouti,,2,,"12,985",,"13,143",,Africa,,"1,077",,,,2 ,,,,599,,476,,,,"1,090",,93.0,
94,,,,,,,,,,,,,,,30/04/2020,,Hong Kong,,0.5,,"154,989",,"20,674",,Asia,,"1,038",,,,4 ,,,,846,,188,,4,,138,,94.0,
95,,,,,,,,,,,,,,,30/04/2020,,Tunisia,,3,,"22,062",,"1,867",,Africa,,980,,,,40 ,,,,294,,646,,20,,83,,95.0,
96,,,,,,,,,,,,,,,30/04/2020,,Senegal,,0.5,,466,,28,,Africa,,933,,+51,,9 ,,,,334,,590,,1,,56,,96.0,
97,,,,,,,,,,,,,,,30/04/2020,,Latvia,,8,,"57,886",,"30,689",,Europe,,858,,+9,,15 ,,,,348,,495,,3,,455,,97.0,
98,,,,,,,,,,,,,,,30/04/2020,,Cyprus,,12,,"53,219",,"44,079",,Asia,,843,,,,15 ,,,,148,,680,,15,,698,,98.0,
99,,,,,,,,,,,,,,,30/04/2020,,Albania,,11,,"8,253",,"2,868",,Europe,,773,,+7,,31 ,,+1,,470,,272,,4,,269,,99.0,
100,,,,,,,,,,,,,,,30/04/2020,,Honduras,,7,,"3,643",,368,,North America,,771,,+33,,71 ,,+5,,79,,621,,10,,78,,100.0,
101,,,,,,,,,,,,,,,30/04/2020,,Kyrgyzstan,,1,,"51,472",,"7,889",,Asia,,746,,+17,,8 ,,,,462,,276,,12,,114,,101.0,
102,,,,,,,,,,,,,,,30/04/2020,,Andorra,,544,,"1,673",,"21,653",,Europe,,743,,,,42 ,,,,423,,278,,17,,"9,616",,102.0,
103,,,,,,,,,,,,,,,30/04/2020,,Lebanon,,4,,"34,499",,"5,054",,Asia,,725,,+4,,24 ,,,,150,,551,,44,,106,,103.0,
104,,,,,,,,,,,,,,,30/04/2020,,Niger,,1,,"5,148",,213,,Africa,,713,,,,32 ,,,,435,,246,,,,29,,104.0,
105,,,,,,,,,,,,,,,30/04/2020,,Costa Rica,,1,,"13,117",,"2,575",,North America,,713,,,,6 ,,,,323,,384,,8,,140,,105.0,
106,,,,,,,,,,,,,,,30/04/2020,,Diamond Princess,,,,,,,,,,712,,,,13 ,,,,645,,54,,4,,,,106.0,
107,,,,,,,,,,,,,,,30/04/2020,,Sri Lanka,,0.3,,"21,157",,988,,Asia,,649,,,,7 ,,,,139,,503,,1,,30,,107.0,
108,,,,,,,,,,,,,,,30/04/2020,,Burkina Faso,,2,,,,,,Africa,,641,,,,43 ,,,,498,,100,,,,31,,108.0,
109,,,,,,,,,,,,,,,30/04/2020,,Uruguay,,4,,"19,016",,"5,474",,South America,,630,,+5,,15 ,,,,412,,203,,11,,181,,109.0,
110,,,,,,,,,,,,,,,30/04/2020,,Guatemala,,0.9,,"7,200",,402,,North America,,585,,+28,,16 ,,,,65,,504,,5,,33,,110.0,
111,,,,,,,,,,,,,,,30/04/2020,,Somalia,,2,,,,,,Africa,,582,,,,28 ,,,,20,,534,,2,,37,,111.0,
112,,,,,,,,,,,,,,,30/04/2020,,San Marino,,"1,208",,"2,235",,"65,869",,Europe,,563,,,,41 ,,,,69,,453,,6,,"16,592",,112.0,
113,,,,,,,,,,,,,,,30/04/2020,,Georgia,,2,,"13,673",,"3,428",,Asia,,539,,+22,,6 ,,,,178,,355,,6,,135,,113.0,
114,,,,,,,,,,,,,,,30/04/2020,,Mayotte,,15,,"3,000",,"10,996",,Africa,,539,,+79,,4 ,,,,235,,300,,4,,"1,976",,114.0,
115,,,,,,,,,,,,,,,30/04/2020,,Channel Islands,,219,,"5,342",,"30,725",,Europe,,537,,,,38 ,,,,386,,113,,,,"3,089",,115.0,
116,,,,,,,,,,,,,,,30/04/2020,,DRC,,0.3,,,,,,Africa,,500,,+9,,31 ,,+1,,65,,404,,,,6,,116.0,
117,,,,,,,,,,,,,,,30/04/2020,,Mali,,1,,"2,172",,107,,Africa,,482,,,,25 ,,,,129,,328,,,,24,,117.0,
118,,,,,,,,,,,,,,,30/04/2020,,Tanzania,,0.3,,,,,,Africa,,480,,,,16 ,,,,167,,297,,7,,8,,118.0,
119,,,,,,,,,,,,,,,30/04/2020,,Malta,,9,,"32,989",,"74,713",,Europe,,465,,+2,,4 ,,,,351,,110,,1,,"1,053",,119.0,
120,,,,,,,,,,,,,,,30/04/2020,,Jordan,,0.8,,"63,737",,"6,247",,Asia,,451,,,,8 ,,,,356,,87,,5,,44,,120.0,
121,,,,,,,,,,,,,,,30/04/2020,,Taiwan,,0.3,,"62,844",,"2,639",,Asia,,429,,,,6 ,,,,322,,101,,,,18,,121.0,
122,,,,,,,,,,,,,,,30/04/2020,,Réunion,,,,,,,,Africa,,420,,,, ,,,,300,,120,,2,,469,,122.0,
123,,,,,,,,,,,,,,,30/04/2020,,Jamaica,,2,,"3,993",,"1,348",,North America,,396,,,,7 ,,,,29,,360,,3,,134,,123.0,
124,,,,,,,,,,,,,,,30/04/2020,,El Salvador,,1,,"24,057",,"3,709",,North America,,395,,+18,,9 ,,,,118,,268,,3,,61,,124.0,
125,,,,,,,,,,,,,,,30/04/2020,,Kenya,,0.3,,"17,992",,335,,Africa,,384,,,,15 ,,,,129,,240,,2,,7,,125.0,
126,,,,,,,,,,,,,,,30/04/2020,,Sudan,,0.6,,,,,,Africa,,375,,,,28 ,,,,32,,315,,,,9,,126.0,
127,,,,,,,,,,,,,,,30/04/2020,,Palestine,,0.4,,"27,000",,"5,293",,Asia,,344,,,,2 ,,,,71,,271,,,,67,,127.0,
128,,,,,,,,,,,,,,,30/04/2020,,Mauritius,,8,,"14,445",,"11,358",,Africa,,332,,,,10 ,,,,306,,16,,3,,261,,128.0,
129,,,,,,,,,,,,,,,30/04/2020,,Venezuela,,0.4,,"458,737",,"16,132",,South America,,331,,,,10 ,,,,142,,179,,2,,12,,129.0,
130,,,,,,,,,,,,,,,30/04/2020,,Montenegro,,11,,"6,864",,"10,929",,Europe,,322,,,,7 ,,,,206,,109,,2,,513,,130.0,
131,,,,,,,,,,,,,,,30/04/2020,,Equatorial Guinea,,0.7,,854,,609,,Africa,,315,,,,1 ,,,,9,,305,,,,225,,131.0,
132,,,,,,,,,,,,,,,30/04/2020,,Isle of Man,,247,,"3,049",,"35,857",,Europe,,313,,,,21 ,,,,258,,34,,21,,"3,681",,132.0,
133,,,,,,,,,,,,,,,30/04/2020,,Maldives,,2,,"5,296",,"9,798",,Asia,,301,,+23,,1 ,,,,17,,283,,2,,557,,133.0,
134,,,,,,,,,,,,,,,30/04/2020,,Gabon,,1,,724,,325,,Africa,,276,,,,3 ,,,,67,,206,,1,,124,,134.0,
135,,,,,,,,,,,,,,,30/04/2020,,Vietnam,,,,"261,004",,"2,681",,Asia,,270,,,, ,,,,219,,51,,8,,3,,135.0,
136,,,,,,,,,,,,,,,30/04/2020,,Paraguay,,1,,"8,891",,"1,247",,South America,,249,,+10,,9 ,,,,111,,129,,1,,35,,136.0,
137,,,,,,,,,,,,,,,30/04/2020,,Rwanda,,,,"8,464",,653,,Africa,,225,,,, ,,,,98,,127,,,,17,,137.0,
138,,,,,,,,,,,,,,,30/04/2020,,Congo,,2,,,,,,Africa,,220,,+13,,9 ,,+1,,19,,192,,,,40,,138.0,
139,,,,,,,,,,,,,,,30/04/2020,,Guinea-Bissau,,0.5,,"1,500",,762,,Africa,,205,,,,1 ,,,,19,,185,,,,104,,139.0,
140,,,,,,,,,,,,,,,30/04/2020,,Faeroe Islands,,,,"6,963",,"142,500",,Europe,,187,,,, ,,,,184,,3,,,,"3,827",,140.0,
141,,,,,,,,,,,,,,,30/04/2020,,Martinique,,37,,,,,,North America,,178,,+3,,14 ,,,,83,,81,,5,,474,,141.0,
142,,,,,,,,,,,,,,,30/04/2020,,Guadeloupe,,30,,,,,,North America,,151,,+2,,12 ,,,,95,,44,,11,,377,,142.0,
143,,,,,,,,,,,,,,,30/04/2020,,Myanmar,,0.1,,"7,718",,142,,Asia,,150,,,,6 ,,,,27,,117,,,,3,,143.0,
144,,,,,,,,,,,,,,,30/04/2020,,Liberia,,3,,,,,,Africa,,141,,,,16 ,,,,45,,80,,,,28,,144.0,
145,,,,,,,,,,,,,,,30/04/2020,,Gibraltar,,,,"2,198",,"65,240",,Europe,,141,,,, ,,,,131,,10,,,,"4,185",,145.0,
146,,,,,,,,,,,,,,,30/04/2020,,Brunei ,,2,,"13,580",,"31,041",,Asia,,138,,,,1 ,,,,124,,13,,2,,315,,146.0,
147,,,,,,,,,,,,,,,30/04/2020,,Ethiopia,,0.03,,"17,842",,155,,Africa,,131,,+1,,3 ,,,,59,,69,,,,1,,147.0,
148,,,,,,,,,,,,,,,30/04/2020,,Madagascar,,,,"3,228",,117,,Africa,,128,,,, ,,,,92,,36,,1,,5,,148.0,
149,,,,,,,,,,,,,,,30/04/2020,,French Guiana,,3,,,,,,South America,,126,,+1,,1 ,,,,94,,31,,2,,422,,149.0,
150,,,,,,,,,,,,,,,30/04/2020,,Sierra Leone,,0.9,,,,,,Africa,,124,,+20,,7 ,,+3,,21,,96,,,,16,,150.0,
151,,,,,,,,,,,,,,,30/04/2020,,Cambodia,,,,"11,975",,716,,Asia,,122,,,, ,,,,119,,3,,1,,7,,151.0,
152,,,,,,,,,,,,,,,30/04/2020,,Trinidad and Tobago,,6,,"1,683",,"1,203",,North America,,116,,,,8 ,,,,72,,36,,,,83,,152.0,
153,,,,,,,,,,,,,,,30/04/2020,,Cabo Verde,,2,,791,,"1,423",,Africa,,113,,,,1 ,,,,2,,110,,,,203,,153.0,
154,,,,,,,,,,,,,,,30/04/2020,,Bermuda,,96,,"2,197",,"35,277",,North America,,111,,,,6 ,,,,48,,57,,10,,"1,782",,154.0,
155,,,,,,,,,,,,,,,30/04/2020,,Togo,,0.8,,"6,675",,806,,Africa,,109,,,,7 ,,,,64,,38,,,,13,,155.0,
156,,,,,,,,,,,,,,,30/04/2020,,Aruba,,19,,"1,649",,"15,445",,North America,,100,,,,2 ,,,,73,,25,,4,,937,,156.0,
157,,,,,,,,,,,,,,,30/04/2020,,Zambia,,0.2,,"5,284",,287,,Africa,,97,,,,3 ,,,,54,,40,,1,,5,,157.0,
158,,,,,,,,,,,,,,,30/04/2020,,Monaco,,102,,,,,,Europe,,95,,,,4  ,,,,58,,33,,1,,"2,421",,158.0,
159,,,,,,,,,,,,,,,30/04/2020,,Eswatini,,0.9,,714,,615,,Africa,,91,,,,1 ,,,,10,,80,,,,78,,159.0,
160,,,,,,,,,,,,,,,30/04/2020,,Liechtenstein,,26,,900,,"23,605",,Europe,,82,,,,1 ,,,,55,,26,,,,"2,151",,160.0,
161,,,,,,,,,,,,,,,30/04/2020,,Uganda,,,,"29,279",,640,,Africa,,81,,,, ,,,,52,,29,,,,2,,161.0,
162,,,,,,,,,,,,,,,30/04/2020,,Bahamas,,28,,,,,,North America,,80,,,,11 ,,,,25,,44,,1,,203,,162.0,
163,,,,,,,,,,,,,,,30/04/2020,,Barbados,,24,,"2,005",,"6,977",,North America,,80,,,,7 ,,,,39,,34,,4,,278,,163.0,
164,,,,,,,,,,,,,,,30/04/2020,,Guyana,,10,,519,,660,,South America,,78,,+4,,8 ,,,,18,,52,,3,,99,,164.0,
165,,,,,,,,,,,,,,,30/04/2020,,Haiti,,0.6,,776,,68,,North America,,76,,,,7 ,,+1,,8,,61,,,,7,,165.0,
166,,,,,,,,,,,,,,,30/04/2020,,Mozambique,,,,"1,896",,61,,Africa,,76,,,, ,,,,12,,64,,,,2,,166.0,
167,,,,,,,,,,,,,,,30/04/2020,,Sint Maarten,,303,,302,,"7,044",,North America,,75,,,,13 ,,,,33,,29,,7,,"1,749",,167.0,
168,,,,,,,,,,,,,,,30/04/2020,,Cayman Islands,,15,,"1,535",,"23,356",,North America,,73,,,,1 ,,,,10,,62,,3,,"1,111",,168.0,
169,,,,,,,,,,,,,,,30/04/2020,,Benin,,0.08,,,,,,Africa,,64,,,,1 ,,,,33,,30,,,,5,,169.0,
170,,,,,,,,,,,,,,,30/04/2020,,Libya,,0.3,,"1,623",,236,,Africa,,61,,,,2 ,,,,18,,41,,,,9,,170.0,
171,,,,,,,,,,,,,,,30/04/2020,,French Polynesia,,,,"2,409",,"8,576",,Australia/Oceania,,58,,,, ,,,,50,,8,,1,,206,,171.0,
172,,,,,,,,,,,,,,,30/04/2020,,Nepal,,,,"57,189",,"1,963",,Asia,,57,,,, ,,,,16,,41,,,,2,,172.0,
173,,,,,,,,,,,,,,,30/04/2020,,Chad,,0.1,,,,,,Africa,,52,,,,2 ,,,,19,,31,,,,3,,173.0,
174,,,,,,,,,,,,,,,30/04/2020,,CAR,,,,,,,,Africa,,50,,,, ,,,,10,,40,,,,10,,174.0,
175,,,,,,,,,,,,,,,30/04/2020,,Macao,,,,,,,,Asia,,45,,,, ,,,,35,,10,,1,,69,,175.0,
176,,,,,,,,,,,,,,,30/04/2020,,Syria,,0.2,,,,,,Asia,,43,,,,3 ,,,,21,,19,,,,2,,176.0,
177,,,,,,,,,,,,,,,30/04/2020,,Zimbabwe,,0.3,,"7,642",,514,,Africa,,40,,+8,,4 ,,,,5,,31,,,,3,,177.0,
178,,,,,,,,,,,,,,,30/04/2020,,Eritrea,,,,,,,,Africa,,39,,,, ,,,,19,,20,,,,11,,178.0,
179,,,,,,,,,,,,,,,30/04/2020,,Saint Martin,,78,,,,,,North America,,38,,,,3 ,,,,24,,11,,3,,983,,179.0,
180,,,,,,,,,,,,,,,30/04/2020,,Mongolia,,,,"7,455",,"2,274",,Asia,,38,,,, ,,,,10,,28,,,,12,,180.0,
181,,,,,,,,,,,,,,,30/04/2020,,Malawi,,0.2,,744,,39,,Africa,,36,,,,3 ,,,,7,,26,,1,,2,,181.0,
182,,,,,,,,,,,,,,,30/04/2020,,South Sudan,,,,,,,,Africa,,35,,+1,, ,,,,,,35,,,,3,,182.0,
183,,,,,,,,,,,,,,,30/04/2020,,Angola,,0.06,,,,,,Africa,,27,,,,2 ,,,,7,,18,,,,0.8,,183.0,
184,,,,,,,,,,,,,,,30/04/2020,,Antigua and Barbuda,,31,,113,,"1,154",,North America,,24,,,,3 ,,,,11,,10,,1,,245,,184.0,
185,,,,,,,,,,,,,,,30/04/2020,,Timor-Leste,,,,322,,244,,Asia,,24,,,, ,,,,6,,18,,,,18,,185.0,
186,,,,,,,,,,,,,,,30/04/2020,,Botswana,,0.4,,"6,016",,"2,558",,Africa,,23,,,,1 ,,,,5,,17,,,,10,,186.0,
187,,,,,,,,,,,,,,,30/04/2020,,Grenada,,,,"1,406",,"12,495",,North America,,20,,,, ,,,,13,,7,,4,,178,,187.0,
188,,,,,,,,,,,,,,,30/04/2020,,Laos,,,,"1,927",,265,,Asia,,19,,,, ,,,,8,,11,,,,3,,188.0,
189,,,,,,,,,,,,,,,30/04/2020,,Belize,,5,,995,,"2,502",,North America,,18,,,,2 ,,,,9,,7,,1,,45,,189.0,
190,,,,,,,,,,,,,,,30/04/2020,,Fiji,,,,"1,007",,"1,123",,Australia/Oceania,,18,,,, ,,,,12,,6,,,,20,,190.0,
191,,,,,,,,,,,,,,,30/04/2020,,New Caledonia,,,,"4,456",,"15,608",,Australia/Oceania,,18,,,, ,,,,17,,1,,1,,63,,191.0,
192,,,,,,,,,,,,,,,30/04/2020,,Saint Lucia,,,,446,,"2,429",,North America,,17,,,, ,,,,15,,2,,,,93,,192.0,
193,,,,,,,,,,,,,,,30/04/2020,,Curaçao,,6,,343,,"2,090",,North America,,16,,,,1 ,,,,13,,2,,,,98,,193.0,
194,,,,,,,,,,,,,,,30/04/2020,,Dominica,,,,383,,"5,320",,North America,,16,,,, ,,,,13,,3,,,,222,,194.0,
195,,,,,,,,,,,,,,,30/04/2020,,Namibia,,,,704,,277,,Africa,,16,,,, ,,,,8,,8,,,,6,,195.0,
196,,,,,,,,,,,,,,,30/04/2020,,St. Vincent Grenadines,,,,108,,973,,North America,,16,,,, ,,,,8,,8,,,,144,,196.0,
197,,,,,,,,,,,,,,,30/04/2020,,Saint Kitts and Nevis,,,,293,,"5,508",,North America,,15,,,, ,,,,6,,9,,,,282,,197.0,
198,,,,,,,,,,,,,,,30/04/2020,,Tajikistan,,,,,,,,Asia,,15,,+15,, ,,,,,,15,,,,2,,198.0,
199,,,,,,,,,,,,,,,30/04/2020,,Sao Tome and Principe,,,,19,,87,,Africa,,14,,+6,, ,,,,4,,10,,,,64,,199.0,
200,,,,,,,,,,,,,,,30/04/2020,,Nicaragua,,0.5,,,,,,North America,,13,,,,3 ,,,,7,,3,,,,2,,200.0,
201,,,,,,,,,,,,,,,30/04/2020,,Falkland Islands,,,,372,,"106,897",,South America,,13,,,, ,,,,11,,2,,,,"3,736",,201.0,
202,,,,,,,,,,,,,,,30/04/2020,,Turks and Caicos,,26,,83,,"2,144",,North America,,12,,,,1 ,,,,5,,6,,,,310,,202.0,
203,,,,,,,,,,,,,,,30/04/2020,,Burundi,,0.08,,284,,24,,Africa,,11,,,,1 ,,,,4,,6,,,,0.9,,203.0,
204,,,,,,,,,,,,,,,30/04/2020,,Gambia,,0.4,,401,,166,,Africa,,11,,+1,,1 ,,,,8,,2,,,,5,,204.0,
205,,,,,,,,,,,,,,,30/04/2020,,Montserrat,,200,,36,,"7,212",,North America,,11,,,,1 ,,,,2,,8,,1,,"2,204",,205.0,
206,,,,,,,,,,,,,,,30/04/2020,,Greenland,,,,"1,200",,"21,138",,North America,,11,,,, ,,,,11,,0,,,,194,,206.0,
207,,,,,,,,,,,,,,,30/04/2020,,Seychelles,,,,,,,,Africa,,11,,,, ,,,,6,,5,,,,112,,207.0,
208,,,,,,,,,,,,,,,30/04/2020,,Suriname,,2,,404,,689,,South America,,10,,,,1 ,,,,8,,1,,,,17,,208.0,
209,,,,,,,,,,,,,,,30/04/2020,,Vatican City,,,,,,,,Europe,,10,,,, ,,,,2,,8,,,,"12,484",,209.0,
210,,,,,,,,,,,,,,,30/04/2020,,MS Zaandam,,,,,,,,,,9,,,,2 ,,,,,,7,,,,,,210.0,
211,,,,,,,,,,,,,,,30/04/2020,,Mauritania,,0.2,,"1,032",,222,,Africa,,8,,,,1 ,,,,6,,1,,,,2,,211.0,
212,,,,,,,,,,,,,,,30/04/2020,,Papua New Guinea,,,,604,,68,,Australia/Oceania,,8,,,, ,,,,,,8,,,,0.9,,212.0,
213,,,,,,,,,,,,,,,30/04/2020,,Bhutan,,,,"10,045",,"13,018",,Asia,,7,,,, ,,,,5,,2,,,,9,,213.0,
214,,,,,,,,,,,,,,,30/04/2020,,Yemen,,0.07,,120,,4,,Asia,,6,,,,2 ,,+2,,1,,3,,,,0.2,,214.0,
215,,,,,,,,,,,,,,,30/04/2020,,British Virgin Islands,,33,,,,,,North America,,6,,,,1 ,,,,3,,2,,,,198,,215.0,
216,,,,,,,,,,,,,,,30/04/2020,,St. Barth,,,,,,,,North America,,6,,,, ,,,,6,,0,,,,607,,216.0,
217,,,,,,,,,,,,,,,30/04/2020,,Western Sahara,,,,,,,,Africa,,6,,,, ,,,,5,,1,,,,10,,217.0,
218,,,,,,,,,,,,,,,30/04/2020,,Caribbean Netherlands,,,,110,,"4,195",,North America,,5,,,, ,,,,,,5,,,,191,,218.0,
219,,,,,,,,,,,,,,,30/04/2020,,Anguilla,,,,,,,,North America,,3,,,, ,,,,3,,0,,,,200,,219.0,
220,,,,,,,,,,,,,,,30/04/2020,,Saint Pierre Miquelon,,,,,,,,North America,,1,,,, ,,,,,,1,,,,173,,220.0,
221,,,,,,,,,,,,,,,30/04/2020,,China,,3,,,,,,Asia,,"82,862",,+4,,"4,633 ",,,,"77,610",,619,,41,,58,,221.0,
222,,,,,,,,,,,,,,,30/04/2020,,Total:,,,,,,,,North America,,"1,152,778",,"+1,852",,"67,132",,+185,,"182,782",,"902,864",,"20,120",,,,222.0,
223,,,,,,,,,,,,,,,30/04/2020,,Total:,,,,,,,,Europe,,"1,357,647",,"+10,267",,"133,195",,+248,,"490,627",,"733,825",,"24,137",,,,223.0,
224,,,,,,,,,,,,,,,30/04/2020,,Total:,,,,,,,,Asia,,"512,028",,"+4,700",,"18,411",,+134,,"258,960",,"234,657",,"5,788",,,,224.0,
225,,,,,,,,,,,,,,,30/04/2020,,Total:,,,,,,,,South America,,"166,469",,+655,,"8,150",,+6,,"57,299",,"101,020",,"9,748",,,,225.0,
226,,,,,,,,,,,,,,,30/04/2020,,Total:,,,,,,,,Australia/Oceania,,"8,331",,+9,,110,,+2,,"7,035",,"1,186",,37,,,,226.0,
227,,,,,,,,,,,,,,,30/04/2020,,Total:,,,,,,,,Africa,,"38,322",,+630,,"1,598",,+6,,"12,732",,"23,992",,122,,,,227.0,
228,,,,,,,,,,,,,,,30/04/2020,,Total:,,,,,,,,,,721,,,,15,,,,645,,61,,4,,,,228.0,
229,,,,,,,,,,,,,,,30/04/2020,,Total:,,29.3,,,,,,All,,"3,236,296",,"+18,113",,"228,611",,+581,,"1,010,080",,"1,997,605",,"59,956",,415.2,,229.0,
230,,,,,,,,,,,,,,,,date,,"Country,Other",,Deaths/1M pop,,TotalTests,,"Tests/
1M pop
",,Continent,,TotalCases,,NewCases,,TotalDeaths,,NewDeaths,,TotalRecovered,,ActiveCases,,"Serious,Critical",,Tot Cases/1M pop,0.0,0.0
231,,,,,,,,,,,,,,,,28/04/2020,,"
North America
",,,,,,,,North America,,"1,120,629",,"+1,515",,"64,412",,+148,,"176,247",,"879,970",,"16,562",,,1.0,1.0
232,,,,,,,,,,,,,,,,28/04/2020,,"
Europe
",,,,,,,,Europe,,"1,338,289",,"+15,583",,"127,526",,"+1,104",,"475,666",,"735,097",,"24,509",,,2.0,2.0
233,,,,,,,,,,,,,,,,28/04/2020,,"
Asia
",,,,,,,,Asia,,"501,192",,"+6,418",,"18,071",,+161,,"248,711",,"234,410",,"5,818",,,3.0,3.0
234,,,,,,,,,,,,,,,,28/04/2020,,"
South America
",,,,,,,,South America,,"155,592",,+389,,"7,590",,+22,,"54,294",,"93,708",,"9,775",,,4.0,4.0
235,,,,,,,,,,,,,,,,28/04/2020,,"
Oceania
",,,,,,,,Australia/Oceania,,"8,322",,+10,,108,,+1,,"6,974",,"1,240",,41,,,5.0,5.0
236,,,,,,,,,,,,,,,,28/04/2020,,"
Africa
",,,,,,,,Africa,,"36,034",,+356,,"1,536",,+9,,"12,135",,"22,363",,120,,,6.0,6.0
237,,,,,,,,,,,,,,,,28/04/2020,,"

",,,,,,,,,,721,,,,15,,,,645,,61,,4,,,7.0,7.0
238,,,,,,,,,,,,,,,,28/04/2020,,World,,28.1,,,,,,All,,"3,160,779",,"+24,271",,"219,258",,"+1,445",,"974,672",,"1,966,849",,"56,829",,405,8.0,8.0
239,,,,,,,,,,,,,,,,28/04/2020,,USA,,179,,"5,919,847",,"17,885",,North America,,"1,035,765",,,,"59,266 ",,,,"142,238",,"834,261",,"15,298",,"3,129",9.0,9.0
240,,,,,,,,,,,,,,,,28/04/2020,,Spain,,519,,"1,414,477",,"30,253",,Europe,,"236,899",,"+4,771",,"24,275 ",,+453,,"132,929",,"79,695",,"7,764",,"5,067",10.0,10.0
241,,,,,,,,,,,,,,,,28/04/2020,,Italy,,453,,"1,846,934",,"30,547",,Europe,,"201,505",,,,"27,359 ",,,,"68,941",,"105,205",,"1,863",,"3,333",11.0,11.0
242,,,,,,,,,,,,,,,,28/04/2020,,France,,362,,"463,662",,"7,103",,Europe,,"165,911",,,,"23,660 ",,,,"46,886",,"95,365",,"4,387",,"2,542",12.0,12.0
243,,,,,,,,,,,,,,,,28/04/2020,,UK,,319,,"763,387",,"11,245",,Europe,,"161,145",,,,"21,678 ",,,,,,"139,123",,"1,559",,"2,374",13.0,13.0
244,,,,,,,,,,,,,,,,28/04/2020,,Germany,,75,,"2,072,669",,"24,738",,Europe,,"160,059",,+147,,"6,314 ",,,,"120,400",,"33,345",,"2,409",,"1,910",14.0,14.0
245,,,,,,,,,,,,,,,,28/04/2020,,Turkey,,35,,"948,115",,"11,242",,Asia,,"114,653",,,,"2,992 ",,,,"38,809",,"72,852",,"1,621",,"1,359",15.0,15.0
246,,,,,,,,,,,,,,,,28/04/2020,,Russia,,7,,"3,303,717",,"22,638",,Europe,,"99,399",,"+5,841",,972 ,,+105,,"10,286",,"88,141",,"2,300",,681,16.0,16.0
247,,,,,,,,,,,,,,,,28/04/2020,,Iran,,71,,"453,386",,"5,398",,Asia,,"93,657",,"+1,073",,"5,957 ",,+80,,"73,791",,"13,909",,"2,965",,"1,115",17.0,17.0
248,,,,,,,,,,,,,,,,28/04/2020,,Brazil,,24,,"339,552",,"1,597",,South America,,"73,235",,+336,,"5,083 ",,+20,,"32,544",,"35,608",,"8,318",,345,18.0,18.0
249,,,,,,,,,,,,,,,,28/04/2020,,Canada,,76,,"754,800",,"19,999",,North America,,"50,026",,,,"2,859 ",,,,"19,190",,"27,977",,557,,"1,325",19.0,19.0
250,,,,,,,,,,,,,,,,28/04/2020,,Belgium,,647,,"226,724",,"19,563",,Europe,,"47,859",,+525,,"7,501 ",,+170,,"11,283",,"29,075",,797,,"4,129",20.0,20.0
251,,,,,,,,,,,,,,,,28/04/2020,,Netherlands,,275,,"213,372",,"12,453",,Europe,,"38,802",,+386,,"4,711 ",,+145,,,,"33,841",,861,,"2,265",21.0,21.0
252,,,,,,,,,,,,,,,,28/04/2020,,India,,0.7,,"770,764",,559,,Asia,,"31,332",,+8,,"1,008 ",,,,"7,747",,"22,577",,,,23,22.0,22.0
253,,,,,,,,,,,,,,,,28/04/2020,,Peru,,26,,"267,612",,"8,116",,South America,,"31,190",,,,854 ,,,,"9,179",,"21,157",,600,,946,23.0,23.0
254,,,,,,,,,,,,,,,,28/04/2020,,Switzerland,,196,,"260,500",,"30,100",,Europe,,"29,407",,+143,,"1,699 ",,,,"22,600",,"5,108",,185,,"3,398",24.0,24.0
255,,,,,,,,,,,,,,,,28/04/2020,,Portugal,,95,,"379,551",,"37,223",,Europe,,"24,505",,+183,,973 ,,+25,,"1,470",,"22,062",,169,,"2,403",25.0,25.0
256,,,,,,,,,,,,,,,,28/04/2020,,Ecuador,,49,,"61,529",,"3,487",,South America,,"24,258",,,,871 ,,,,"1,557",,"21,830",,146,,"1,375",26.0,26.0
257,,,,,,,,,,,,,,,,28/04/2020,,Saudi Arabia,,5,,"200,000",,"5,745",,Asia,,"21,402",,"+1,325",,157 ,,+5,,"2,953",,"18,292",,118,,615,27.0,27.0
258,,,,,,,,,,,,,,,,28/04/2020,,Sweden,,244,,"119,500",,"11,833",,Europe,,"20,302",,+681,,"2,462 ",,+107,,"1,005",,"16,835",,479,,"2,010",28.0,28.0
259,,,,,,,,,,,,,,,,28/04/2020,,Ireland,,235,,"153,954",,"31,179",,Europe,,"19,877",,,,"1,159 ",,,,"9,233",,"9,485",,141,,"4,025",29.0,29.0
260,,,,,,,,,,,,,,,,28/04/2020,,Mexico,,12,,"77,005",,597,,North America,,"16,752",,"+1,223",,"1,569 ",,+135,,"11,423",,"3,760",,378,,130,30.0,30.0
261,,,,,,,,,,,,,,,,28/04/2020,,Israel,,24,,"313,135",,"36,177",,Asia,,"15,782",,+54,,212 ,,+2,,"7,929",,"7,641",,120,,"1,823",31.0,31.0
262,,,,,,,,,,,,,,,,28/04/2020,,Singapore,,2,,"121,774",,"20,815",,Asia,,"15,641",,+690,,14 ,,,,"1,128",,"14,499",,20,,"2,674",32.0,32.0
263,,,,,,,,,,,,,,,,28/04/2020,,Austria,,64,,"247,754",,"27,509",,Europe,,"15,402",,+45,,580 ,,+11,,"12,779",,"2,043",,131,,"1,710",33.0,33.0
264,,,,,,,,,,,,,,,,28/04/2020,,Pakistan,,2,,"165,911",,751,,Asia,,"15,289",,+677,,335 ,,+23,,"3,425",,"11,529",,111,,69,34.0,34.0
265,,,,,,,,,,,,,,,,28/04/2020,,Chile,,11,,"166,165",,"8,692",,South America,,"14,365",,,,207 ,,,,"7,710",,"6,448",,426,,751,35.0,35.0
266,,,,,,,,,,,,,,,,28/04/2020,,Japan,,3,,"160,546",,"1,269",,Asia,,"13,736",,,,394 ,,,,"1,899",,"11,443",,300,,109,36.0,36.0
267,,,,,,,,,,,,,,,,28/04/2020,,Belarus,,9,,"168,986",,"17,883",,Europe,,"13,181",,+973,,84 ,,+5,,"2,072",,"11,025",,92,,"1,395",37.0,37.0
268,,,,,,,,,,,,,,,,28/04/2020,,Qatar,,3,,"88,607",,"30,755",,Asia,,"12,564",,+643,,10 ,,,,"1,243",,"11,311",,72,,"4,361",38.0,38.0
269,,,,,,,,,,,,,,,,28/04/2020,,Poland,,16,,"324,527",,"8,575",,Europe,,"12,415",,+197,,606 ,,+10,,"3,025",,"8,784",,160,,328,39.0,39.0
270,,,,,,,,,,,,,,,,28/04/2020,,Romania,,35,,"166,993",,"8,681",,Europe,,"11,978",,+362,,681 ,,+18,,"3,569",,"7,728",,247,,623,40.0,40.0
271,,,,,,,,,,,,,,,,28/04/2020,,UAE,,9,,"1,122,000",,"113,443",,Asia,,"11,380",,,,89 ,,,,"2,181",,"9,110",,1,,"1,151",41.0,41.0
272,,,,,,,,,,,,,,,,28/04/2020,,S. Korea,,5,,"614,197",,"11,980",,Asia,,"10,761",,+9,,246 ,,+2,,"8,922",,"1,593",,55,,210,42.0,42.0
273,,,,,,,,,,,,,,,,28/04/2020,,Ukraine,,6,,"104,544",,"2,390",,Europe,,"9,866",,+456,,250 ,,+11,,"1,103",,"8,513",,129,,226,43.0,43.0
274,,,,,,,,,,,,,,,,28/04/2020,,Indonesia,,3,,"86,985",,318,,Asia,,"9,771",,+260,,784 ,,+11,,"1,391",,"7,596",,,,36,44.0,44.0
275,,,,,,,,,,,,,,,,28/04/2020,,Denmark,,76,,"180,062",,"31,087",,Europe,,"9,008",,+157,,443 ,,+9,,"6,366",,"2,199",,66,,"1,555",45.0,45.0
276,,,,,,,,,,,,,,,,28/04/2020,,Serbia,,20,,"78,942",,"9,035",,Europe,,"8,724",,+227,,173 ,,+5,,"1,292",,"7,259",,79,,998,46.0,46.0
277,,,,,,,,,,,,,,,,28/04/2020,,Philippines,,5,,"98,941",,903,,Asia,,"8,212",,+254,,558 ,,+28,,"1,023",,"6,631",,31,,75,47.0,47.0
278,,,,,,,,,,,,,,,,28/04/2020,,Norway,,38,,"165,951",,"30,611",,Europe,,"7,660",,,,206 ,,,,32,,"7,422",,44,,"1,413",48.0,48.0
279,,,,,,,,,,,,,,,,28/04/2020,,Czechia,,21,,"234,985",,"21,943",,Europe,,"7,504",,,,227 ,,,,"2,960",,"4,317",,73,,701,49.0,49.0
280,,,,,,,,,,,,,,,,28/04/2020,,Bangladesh,,1.0,,"59,701",,363,,Asia,,"7,103",,+641,,163 ,,+8,,150,,"6,790",,1,,43,50.0,50.0
281,,,,,,,,,,,,,,,,28/04/2020,,Australia,,3,,"544,410",,"21,350",,Australia/Oceania,,"6,746",,+8,,89 ,,+1,,"5,667",,990,,38,,265,51.0,51.0
282,,,,,,,,,,,,,,,,28/04/2020,,Dominican Republic,,26,,"23,979",,"2,210",,North America,,"6,416",,,,286 ,,,,"1,165",,"4,965",,144,,591,52.0,52.0
283,,,,,,,,,,,,,,,,28/04/2020,,Panama,,41,,"28,795",,"6,674",,North America,,"6,200",,+179,,176 ,,+9,,484,,"5,540",,89,,"1,437",53.0,53.0
284,,,,,,,,,,,,,,,,28/04/2020,,Colombia,,5,,"90,899",,"1,786",,South America,,"5,949",,,,269 ,,,,"1,268",,"4,412",,118,,117,54.0,54.0
285,,,,,,,,,,,,,,,,28/04/2020,,Malaysia,,3,,"154,203",,"4,764",,Asia,,"5,945",,+94,,100 ,,,,"4,087",,"1,758",,40,,184,55.0,55.0
286,,,,,,,,,,,,,,,,28/04/2020,,Egypt,,4,,"90,000",,879,,Africa,,"5,042",,,,359 ,,,,"1,304",,"3,379",,,,49,56.0,56.0
287,,,,,,,,,,,,,,,,28/04/2020,,South Africa,,2,,"185,497",,"3,128",,Africa,,"4,996",,,,93 ,,,,"2,073",,"2,830",,36,,84,57.0,57.0
288,,,,,,,,,,,,,,,,28/04/2020,,Finland,,36,,"89,784",,"16,204",,Europe,,"4,906",,+166,,199 ,,,,"2,800",,"1,907",,56,,885,58.0,58.0
289,,,,,,,,,,,,,,,,28/04/2020,,Morocco,,5,,"32,076",,869,,Africa,,"4,289",,+37,,167 ,,+2,,890,,"3,232",,1,,116,59.0,59.0
290,,,,,,,,,,,,,,,,28/04/2020,,Argentina,,5,,"53,600",,"1,186",,South America,,"4,127",,,,207 ,,,,"1,162",,"2,758",,144,,91,60.0,60.0
291,,,,,,,,,,,,,,,,28/04/2020,,Luxembourg,,142,,"39,741",,"63,486",,Europe,,"3,741",,,,89 ,,,,"3,123",,529,,19,,"5,976",61.0,61.0
292,,,,,,,,,,,,,,,,28/04/2020,,Kuwait,,6,,"179,000",,"41,915",,Asia,,"3,740",,+300,,24 ,,+1,,"1,389",,"2,327",,66,,876,62.0,62.0
293,,,,,,,,,,,,,,,,28/04/2020,,Algeria,,10,,"6,500",,148,,Africa,,"3,649",,,,437 ,,,,"1,651",,"1,561",,22,,83,63.0,63.0
294,,,,,,,,,,,,,,,,28/04/2020,,Moldova,,27,,"11,763",,"2,916",,Europe,,"3,638",,,,107 ,,+4,,975,,"2,556",,212,,902,64.0,64.0
295,,,,,,,,,,,,,,,,28/04/2020,,Kazakhstan,,1,,"232,415",,"12,378",,Asia,,"3,105",,+78,,25 ,,,,798,,"2,282",,41,,165,65.0,65.0
296,,,,,,,,,,,,,,,,28/04/2020,,Thailand,,0.8,,"178,083",,"2,551",,Asia,,"2,947",,+9,,54 ,,,,"2,665",,228,,61,,42,66.0,66.0
297,,,,,,,,,,,,,,,,28/04/2020,,Bahrain,,5,,"121,706",,"71,525",,Asia,,"2,811",,,,8 ,,,,"1,310",,"1,493",,2,,"1,652",67.0,67.0
298,,,,,,,,,,,,,,,,28/04/2020,,Hungary,,31,,"70,300",,"7,277",,Europe,,"2,727",,+78,,300 ,,+9,,536,,"1,891",,50,,282,68.0,68.0
299,,,,,,,,,,,,,,,,28/04/2020,,Greece,,13,,"69,833",,"6,700",,Europe,,"2,566",,,,138 ,,,,577,,"1,851",,40,,246,69.0,69.0
300,,,,,,,,,,,,,,,,28/04/2020,,Oman,,2,,,,,,Asia,,"2,274",,+143,,10 ,,,,364,,"1,900",,3,,445,70.0,70.0
301,,,,,,,,,,,,,,,,28/04/2020,,Croatia,,16,,"34,476",,"8,398",,Europe,,"2,062",,+15,,67 ,,+4,,"1,288",,707,,19,,502,71.0,71.0
302,,,,,,,,,,,,,,,,28/04/2020,,Uzbekistan,,0.2,,"242,536",,"7,247",,Asia,,"1,969",,+30,,8 ,,,,"1,066",,895,,8,,59,72.0,72.0
303,,,,,,,,,,,,,,,,28/04/2020,,Armenia,,10,,"20,189",,"6,813",,Asia,,"1,932",,+65,,30 ,,,,900,,"1,002",,10,,652,73.0,73.0
304,,,,,,,,,,,,,,,,28/04/2020,,Iraq,,2,,"73,782",,"1,834",,Asia,,"1,928",,,,90 ,,,,"1,319",,519,,,,48,74.0,74.0
305,,,,,,,,,,,,,,,,28/04/2020,,Afghanistan,,1,,"9,000",,231,,Asia,,"1,828",,,,58 ,,,,228,,"1,542",,7,,47,75.0,75.0
306,,,,,,,,,,,,,,,,28/04/2020,,Cameroon,,2,,,,,,Africa,,"1,806",,+101,,59 ,,+1,,915,,832,,12,,68,76.0,76.0
307,,,,,,,,,,,,,,,,28/04/2020,,Iceland,,29,,"47,573",,"139,411",,Europe,,"1,797",,+2,,10 ,,,,"1,656",,131,,,,"5,266",77.0,77.0
308,,,,,,,,,,,,,,,,28/04/2020,,Azerbaijan,,2,,"132,640",,"13,082",,Asia,,"1,717",,,,22 ,,,,"1,221",,474,,15,,169,78.0,78.0
309,,,,,,,,,,,,,,,,28/04/2020,,Bosnia and Herzegovina,,20,,"29,130",,"8,879",,Europe,,"1,677",,+92,,65 ,,+2,,710,,902,,4,,511,79.0,79.0
310,,,,,,,,,,,,,,,,28/04/2020,,Ghana,,0.5,,"100,622",,"3,238",,Africa,,"1,671",,,,16 ,,,,188,,"1,467",,4,,54,80.0,80.0
311,,,,,,,,,,,,,,,,28/04/2020,,Estonia,,38,,"51,188",,"38,588",,Europe,,"1,666",,+6,,50 ,,,,236,,"1,380",,10,,"1,256",81.0,81.0
312,,,,,,,,,,,,,,,,28/04/2020,,Nigeria,,0.2,,"10,918",,53,,Africa,,"1,532",,,,44 ,,,,255,,"1,233",,2,,7,82.0,82.0
313,,,,,,,,,,,,,,,,28/04/2020,,New Zealand,,4,,"128,703",,"26,690",,Australia/Oceania,,"1,474",,+2,,19 ,,,,"1,229",,226,,1,,306,83.0,83.0
314,,,,,,,,,,,,,,,,28/04/2020,,Bulgaria,,9,,"45,208",,"6,506",,Europe,,"1,437",,+38,,61 ,,+3,,243,,"1,133",,39,,207,84.0,84.0
315,,,,,,,,,,,,,,,,28/04/2020,,Cuba,,5,,"43,508",,"3,841",,North America,,"1,437",,,,58 ,,,,575,,804,,12,,127,85.0,85.0
316,,,,,,,,,,,,,,,,28/04/2020,,North Macedonia,,34,,"15,771",,"7,570",,Europe,,"1,421",,,,71 ,,,,589,,761,,13,,682,86.0,86.0
317,,,,,,,,,,,,,,,,28/04/2020,,Slovenia,,43,,"51,607",,"24,824",,Europe,,"1,418",,+10,,89 ,,+3,,230,,"1,099",,25,,682,87.0,87.0
318,,,,,,,,,,,,,,,,28/04/2020,,Slovakia,,4,,"81,338",,"14,898",,Europe,,"1,391",,+7,,22 ,,+2,,484,,885,,8,,255,88.0,88.0
319,,,,,,,,,,,,,,,,28/04/2020,,Lithuania,,17,,"118,201",,"43,420",,Europe,,"1,375",,+31,,45 ,,+1,,563,,767,,17,,505,89.0,89.0
320,,,,,,,,,,,,,,,,28/04/2020,,Guinea,,0.5,,,,,,Africa,,"1,240",,,,7 ,,,,269,,964,,,,94,90.0,90.0
321,,,,,,,,,,,,,,,,28/04/2020,,Ivory Coast,,0.5,,,,,,Africa,,"1,183",,,,14  ,,,,525,,644,,,,45,91.0,91.0
322,,,,,,,,,,,,,,,,28/04/2020,,Djibouti,,2,,"12,571",,"12,724",,Africa,,"1,072",,,,2 ,,,,498,,572,,,,"1,085",92.0,92.0
323,,,,,,,,,,,,,,,,28/04/2020,,Bolivia,,5,,"5,791",,496,,South America,,"1,053",,+39,,55 ,,+2,,110,,888,,3,,90,93.0,93.0
324,,,,,,,,,,,,,,,,28/04/2020,,Hong Kong,,0.5,,"145,640",,"19,426",,Asia,,"1,038",,,,4 ,,,,830,,204,,4,,138,94.0,94.0
325,,,,,,,,,,,,,,,,28/04/2020,,Tunisia,,3,,"21,477",,"1,817",,Africa,,975,,,,40 ,,,,279,,656,,18,,82,95.0,95.0
326,,,,,,,,,,,,,,,,28/04/2020,,Latvia,,8,,"54,811",,"29,059",,Europe,,849,,+13,,15 ,,+2,,348,,486,,4,,450,96.0,96.0
327,,,,,,,,,,,,,,,,28/04/2020,,Cyprus,,12,,"53,219",,"44,079",,Asia,,837,,,,15 ,,,,148,,674,,15,,693,97.0,97.0
328,,,,,,,,,,,,,,,,28/04/2020,,Senegal,,0.5,,466,,28,,Africa,,823,,,,9 ,,,,296,,518,,1,,49,98.0,98.0
329,,,,,,,,,,,,,,,,28/04/2020,,Albania,,10,,"8,028",,"2,790",,Europe,,766,,+16,,30 ,,,,455,,281,,4,,266,99.0,99.0
330,,,,,,,,,,,,,,,,28/04/2020,,Andorra,,531,,"1,673",,"21,653",,Europe,,743,,,,41 ,,,,398,,304,,17,,"9,616",100.0,100.0
331,,,,,,,,,,,,,,,,28/04/2020,,Honduras,,7,,"3,643",,368,,North America,,738,,+36,,66 ,,+2,,73,,599,,10,,75,101.0,101.0
332,,,,,,,,,,,,,,,,28/04/2020,,Kyrgyzstan,,1,,"50,775",,"7,783",,Asia,,729,,+21,,8 ,,,,437,,284,,10,,112,102.0,102.0
333,,,,,,,,,,,,,,,,28/04/2020,,Lebanon,,4,,"32,446",,"4,754",,Asia,,721,,+4,,24 ,,,,150,,547,,44,,106,103.0,103.0
334,,,,,,,,,,,,,,,,28/04/2020,,Diamond Princess,,,,,,,,,,712,,,,13 ,,,,645,,54,,4,,,104.0,104.0
335,,,,,,,,,,,,,,,,28/04/2020,,Niger,,1,,"5,116",,211,,Africa,,709,,,,31 ,,,,403,,275,,,,29,105.0,105.0
336,,,,,,,,,,,,,,,,28/04/2020,,Costa Rica,,1,,"12,729",,"2,499",,North America,,705,,,,6 ,,,,306,,393,,8,,138,106.0,106.0
337,,,,,,,,,,,,,,,,28/04/2020,,Burkina Faso,,2,,,,,,Africa,,638,,,,42 ,,,,476,,120,,,,31,107.0,107.0
338,,,,,,,,,,,,,,,,28/04/2020,,Uruguay,,4,,"18,140",,"5,222",,South America,,625,,+5,,15 ,,,,394,,216,,11,,180,108.0,108.0
339,,,,,,,,,,,,,,,,28/04/2020,,Sri Lanka,,0.3,,"17,715",,827,,Asia,,622,,+3,,7 ,,,,134,,481,,2,,29,109.0,109.0
340,,,,,,,,,,,,,,,,28/04/2020,,San Marino,,"1,208",,"2,235",,"65,869",,Europe,,563,,+10,,41 ,,,,69,,453,,6,,"16,592",110.0,110.0
341,,,,,,,,,,,,,,,,28/04/2020,,Guatemala,,0.9,,"7,200",,402,,North America,,557,,+27,,16 ,,+1,,62,,479,,5,,31,111.0,111.0
342,,,,,,,,,,,,,,,,28/04/2020,,Channel Islands,,207,,"5,342",,"30,725",,Europe,,530,,,,36 ,,,,352,,142,,,,"3,048",112.0,112.0
343,,,,,,,,,,,,,,,,28/04/2020,,Somalia,,2,,,,,,Africa,,528,,,,28 ,,,,19,,481,,2,,33,113.0,113.0
344,,,,,,,,,,,,,,,,28/04/2020,,Georgia,,2,,"12,593",,"3,157",,Asia,,517,,+6,,6 ,,,,168,,343,,6,,130,114.0,114.0
345,,,,,,,,,,,,,,,,28/04/2020,,DRC,,0.3,,,,,,Africa,,491,,+20,,30 ,,,,59,,402,,,,5,115.0,115.0
346,,,,,,,,,,,,,,,,28/04/2020,,Tanzania,,0.3,,,,,,Africa,,480,,+181,,16 ,,+6,,167,,297,,7,,8,116.0,116.0
347,,,,,,,,,,,,,,,,28/04/2020,,Malta,,9,,"31,736",,"71,875",,Europe,,463,,+5,,4 ,,,,339,,120,,1,,"1,049",117.0,117.0
348,,,,,,,,,,,,,,,,28/04/2020,,Mayotte,,15,,"2,700",,"9,897",,Africa,,460,,,,4 ,,,,235,,221,,4,,"1,686",118.0,118.0
349,,,,,,,,,,,,,,,,28/04/2020,,Jordan,,0.8,,"63,737",,"6,247",,Asia,,449,,,,8 ,,,,348,,93,,5,,44,119.0,119.0
350,,,,,,,,,,,,,,,,28/04/2020,,Taiwan,,0.3,,"62,368",,"2,619",,Asia,,429,,,,6 ,,,,311,,112,,,,18,120.0,120.0
351,,,,,,,,,,,,,,,,28/04/2020,,Mali,,1,,"2,172",,107,,Africa,,424,,,,24 ,,,,122,,278,,,,21,121.0,121.0
352,,,,,,,,,,,,,,,,28/04/2020,,Réunion,,,,,,,,Africa,,418,,,, ,,,,300,,118,,2,,467,122.0,122.0
353,,,,,,,,,,,,,,,,28/04/2020,,Kenya,,0.3,,"17,992",,335,,Africa,,384,,+10,,14 ,,,,129,,241,,2,,7,123.0,123.0
354,,,,,,,,,,,,,,,,28/04/2020,,Jamaica,,2,,"3,621",,"1,223",,North America,,381,,+17,,7 ,,,,29,,345,,3,,129,124.0,124.0
355,,,,,,,,,,,,,,,,28/04/2020,,El Salvador,,1,,"22,593",,"3,483",,North America,,377,,+32,,9 ,,+1,,106,,262,,3,,58,125.0,125.0
356,,,,,,,,,,,,,,,,28/04/2020,,Palestine,,0.4,,"27,000",,"5,293",,Asia,,343,,,,2 ,,,,71,,270,,,,67,126.0,126.0
357,,,,,,,,,,,,,,,,28/04/2020,,Mauritius,,8,,"14,445",,"11,358",,Africa,,334,,,,10 ,,,,303,,21,,3,,263,127.0,127.0
358,,,,,,,,,,,,,,,,28/04/2020,,Venezuela,,0.4,,"440,966",,"15,507",,South America,,329,,,,10 ,,,,142,,177,,3,,12,128.0,128.0
359,,,,,,,,,,,,,,,,28/04/2020,,Montenegro,,11,,"6,864",,"10,929",,Europe,,321,,,,7 ,,,,199,,115,,7,,511,129.0,129.0
360,,,,,,,,,,,,,,,,28/04/2020,,Sudan,,0.6,,,,,,Africa,,318,,,,25 ,,,,31,,262,,,,7,130.0,130.0
361,,,,,,,,,,,,,,,,28/04/2020,,Equatorial Guinea,,0.7,,854,,609,,Africa,,315,,,,1 ,,,,9,,305,,,,225,131.0,131.0
362,,,,,,,,,,,,,,,,28/04/2020,,Isle of Man,,247,,"2,986",,"35,116",,Europe,,309,,,,21 ,,,,252,,36,,22,,"3,634",132.0,132.0
363,,,,,,,,,,,,,,,,28/04/2020,,Vietnam,,,,"212,965",,"2,188",,Asia,,270,,,, ,,,,222,,48,,8,,3,133.0,133.0
364,,,,,,,,,,,,,,,,28/04/2020,,Maldives,,,,"5,296",,"9,798",,Asia,,256,,+6,, ,,,,17,,239,,2,,474,134.0,134.0
365,,,,,,,,,,,,,,,,28/04/2020,,Paraguay,,1,,"8,444",,"1,184",,South America,,239,,+9,,9 ,,,,102,,128,,1,,34,135.0,135.0
366,,,,,,,,,,,,,,,,28/04/2020,,Gabon,,1,,724,,325,,Africa,,238,,,,3 ,,,,53,,182,,1,,107,136.0,136.0
367,,,,,,,,,,,,,,,,28/04/2020,,Rwanda,,,,"8,464",,653,,Africa,,212,,,, ,,,,95,,117,,,,16,137.0,137.0
368,,,,,,,,,,,,,,,,28/04/2020,,Congo,,1,,,,,,Africa,,207,,,,8 ,,,,19,,180,,,,38,138.0,138.0
369,,,,,,,,,,,,,,,,28/04/2020,,Faeroe Islands,,,,"6,851",,"140,208",,Europe,,187,,,, ,,,,181,,6,,,,"3,827",139.0,139.0
370,,,,,,,,,,,,,,,,28/04/2020,,Martinique,,37,,,,,,North America,,175,,,,14 ,,,,83,,78,,5,,466,140.0,140.0
371,,,,,,,,,,,,,,,,28/04/2020,,Myanmar,,0.1,,"7,608",,140,,Asia,,150,,,,6 ,,+1,,16,,128,,,,3,141.0,141.0
372,,,,,,,,,,,,,,,,28/04/2020,,Guadeloupe,,30,,,,,,North America,,149,,,,12 ,,,,82,,55,,11,,372,142.0,142.0
373,,,,,,,,,,,,,,,,28/04/2020,,Liberia,,3,,,,,,Africa,,141,,,,16 ,,,,45,,80,,,,28,143.0,143.0
374,,,,,,,,,,,,,,,,28/04/2020,,Gibraltar,,,,"2,198",,"65,240",,Europe,,141,,,, ,,,,131,,10,,,,"4,185",144.0,144.0
375,,,,,,,,,,,,,,,,28/04/2020,,Brunei ,,2,,"13,428",,"30,694",,Asia,,138,,,,1 ,,,,124,,13,,2,,315,145.0,145.0
376,,,,,,,,,,,,,,,,28/04/2020,,Ethiopia,,0.03,,"16,434",,143,,Africa,,130,,+4,,3 ,,,,58,,69,,,,1,146.0,146.0
377,,,,,,,,,,,,,,,,28/04/2020,,Madagascar,,,,"3,107",,112,,Africa,,128,,,, ,,,,90,,38,,1,,5,147.0,147.0
378,,,,,,,,,,,,,,,,28/04/2020,,French Guiana,,3,,,,,,South America,,125,,,,1 ,,,,93,,31,,,,419,148.0,148.0
379,,,,,,,,,,,,,,,,28/04/2020,,Cambodia,,,,"11,905",,712,,Asia,,122,,,, ,,,,119,,3,,1,,7,149.0,149.0
380,,,,,,,,,,,,,,,,28/04/2020,,Trinidad and Tobago,,6,,"1,642",,"1,173",,North America,,116,,,,8 ,,,,59,,49,,,,83,150.0,150.0
381,,,,,,,,,,,,,,,,28/04/2020,,Cabo Verde,,2,,791,,"1,423",,Africa,,114,,,,1 ,,,,2,,111,,,,205,151.0,151.0
382,,,,,,,,,,,,,,,,28/04/2020,,Bermuda,,96,,"1,682",,"27,008",,North America,,110,,,,6 ,,,,44,,60,,10,,"1,766",152.0,152.0
383,,,,,,,,,,,,,,,,28/04/2020,,Sierra Leone,,0.5,,,,,,Africa,,104,,,,4 ,,,,12,,88,,,,13,153.0,153.0
384,,,,,,,,,,,,,,,,28/04/2020,,Aruba,,19,,"1,649",,"15,445",,North America,,100,,,,2 ,,,,73,,25,,4,,937,154.0,154.0
385,,,,,,,,,,,,,,,,28/04/2020,,Togo,,0.7,,"6,234",,753,,Africa,,99,,,,6  ,,,,63,,30,,,,12,155.0,155.0
386,,,,,,,,,,,,,,,,28/04/2020,,Zambia,,0.2,,"5,284",,287,,Africa,,97,,+2,,3 ,,,,54,,40,,1,,5,156.0,156.0
387,,,,,,,,,,,,,,,,28/04/2020,,Monaco,,102,,,,,,Europe,,95,,,,4 ,,,,50,,41,,1,,"2,421",157.0,157.0
388,,,,,,,,,,,,,,,,28/04/2020,,Liechtenstein,,26,,900,,"23,605",,Europe,,82,,,,1 ,,,,55,,26,,,,"2,151",158.0,158.0
389,,,,,,,,,,,,,,,,28/04/2020,,Bahamas,,28,,,,,,North America,,80,,,,11 ,,,,23,,46,,1,,203,159.0,159.0
390,,,,,,,,,,,,,,,,28/04/2020,,Barbados,,21,,"1,930",,"6,716",,North America,,80,,,,6 ,,,,39,,35,,4,,278,160.0,160.0
391,,,,,,,,,,,,,,,,28/04/2020,,Uganda,,,,"27,432",,600,,Africa,,79,,,, ,,,,52,,27,,,,2,161.0,161.0
392,,,,,,,,,,,,,,,,28/04/2020,,Haiti,,0.5,,776,,68,,North America,,76,,,,6 ,,,,8,,62,,,,7,162.0,162.0
393,,,,,,,,,,,,,,,,28/04/2020,,Mozambique,,,,"1,688",,54,,Africa,,76,,,, ,,,,12,,64,,,,2,163.0,163.0
394,,,,,,,,,,,,,,,,28/04/2020,,Sint Maarten,,303,,302,,"7,044",,North America,,75,,,,13 ,,,,33,,29,,7,,"1,749",164.0,164.0
395,,,,,,,,,,,,,,,,28/04/2020,,Guyana,,10,,464,,590,,South America,,74,,,,8 ,,,,15,,51,,5,,94,165.0,165.0
396,,,,,,,,,,,,,,,,28/04/2020,,Guinea-Bissau,,0.5,,"1,500",,762,,Africa,,73,,,,1 ,,,,18,,54,,,,37,166.0,166.0
397,,,,,,,,,,,,,,,,28/04/2020,,Eswatini,,0.9,,714,,615,,Africa,,71,,,,1 ,,,,10,,60,,,,61,167.0,167.0
398,,,,,,,,,,,,,,,,28/04/2020,,Cayman Islands,,15,,"1,148",,"17,468",,North America,,70,,,,1 ,,,,10,,59,,3,,"1,065",168.0,168.0
399,,,,,,,,,,,,,,,,28/04/2020,,Benin,,0.08,,,,,,Africa,,64,,,,1 ,,,,33,,30,,,,5,169.0,169.0
400,,,,,,,,,,,,,,,,28/04/2020,,Libya,,0.3,,"1,623",,236,,Africa,,61,,,,2 ,,,,18,,41,,,,9,170.0,170.0
401,,,,,,,,,,,,,,,,28/04/2020,,French Polynesia,,,,"2,345",,"8,348",,Australia/Oceania,,58,,,, ,,,,49,,9,,1,,206,171.0,171.0
402,,,,,,,,,,,,,,,,28/04/2020,,Nepal,,,,"57,189",,"1,963",,Asia,,57,,+3,, ,,,,16,,41,,,,2,172.0,172.0
403,,,,,,,,,,,,,,,,28/04/2020,,Chad,,0.1,,,,,,Africa,,52,,,,2 ,,,,19,,31,,,,3,173.0,173.0
404,,,,,,,,,,,,,,,,28/04/2020,,CAR,,,,,,,,Africa,,50,,,, ,,,,10,,40,,,,10,174.0,174.0
405,,,,,,,,,,,,,,,,28/04/2020,,Macao,,,,,,,,Asia,,45,,,, ,,,,34,,11,,1,,69,175.0,175.0
406,,,,,,,,,,,,,,,,28/04/2020,,Syria,,0.2,,,,,,Asia,,43,,,,3 ,,,,21,,19,,,,2,176.0,176.0
407,,,,,,,,,,,,,,,,28/04/2020,,Eritrea,,,,,,,,Africa,,39,,,, ,,,,19,,20,,,,11,177.0,177.0
408,,,,,,,,,,,,,,,,28/04/2020,,Saint Martin,,78,,,,,,North America,,38,,,,3 ,,,,24,,11,,3,,983,178.0,178.0
409,,,,,,,,,,,,,,,,28/04/2020,,Mongolia,,,,"7,292",,"2,224",,Asia,,38,,,, ,,,,10,,28,,,,12,179.0,179.0
410,,,,,,,,,,,,,,,,28/04/2020,,Malawi,,0.2,,690,,36,,Africa,,36,,,,3 ,,,,5,,28,,1,,2,180.0,180.0
411,,,,,,,,,,,,,,,,28/04/2020,,South Sudan,,,,,,,,Africa,,34,,,, ,,,,,,34,,,,3,181.0,181.0
412,,,,,,,,,,,,,,,,28/04/2020,,Zimbabwe,,0.3,,"6,834",,460,,Africa,,32,,,,4 ,,,,5,,23,,,,2,182.0,182.0
413,,,,,,,,,,,,,,,,28/04/2020,,Angola,,0.06,,,,,,Africa,,27,,,,2 ,,,,6,,19,,,,0.8,183.0,183.0
414,,,,,,,,,,,,,,,,28/04/2020,,Antigua and Barbuda,,31,,113,,"1,154",,North America,,24,,,,3 ,,,,11,,10,,1,,245,184.0,184.0
415,,,,,,,,,,,,,,,,28/04/2020,,Timor-Leste,,,,322,,244,,Asia,,24,,,, ,,,,6,,18,,,,18,185.0,185.0
416,,,,,,,,,,,,,,,,28/04/2020,,Botswana,,0.4,,"6,016",,"2,558",,Africa,,23,,,,1 ,,,,,,22,,,,10,186.0,186.0
417,,,,,,,,,,,,,,,,28/04/2020,,Grenada,,,,175,,"1,555",,North America,,19,,+1,, ,,,,10,,9,,4,,169,187.0,187.0
418,,,,,,,,,,,,,,,,28/04/2020,,Laos,,,,"1,917",,263,,Asia,,19,,,, ,,,,7,,12,,,,3,188.0,188.0
419,,,,,,,,,,,,,,,,28/04/2020,,Belize,,5,,995,,"2,502",,North America,,18,,,,2 ,,,,9,,7,,1,,45,189.0,189.0
420,,,,,,,,,,,,,,,,28/04/2020,,Fiji,,,,"1,007",,"1,123",,Australia/Oceania,,18,,,, ,,,,12,,6,,,,20,190.0,190.0
421,,,,,,,,,,,,,,,,28/04/2020,,New Caledonia,,,,"4,456",,"15,608",,Australia/Oceania,,18,,,, ,,,,17,,1,,1,,63,191.0,191.0
422,,,,,,,,,,,,,,,,28/04/2020,,Curaçao,,6,,304,,"1,853",,North America,,16,,,,1 ,,,,11,,4,,,,98,192.0,192.0
423,,,,,,,,,,,,,,,,28/04/2020,,Dominica,,,,383,,"5,320",,North America,,16,,,, ,,,,13,,3,,,,222,193.0,193.0
424,,,,,,,,,,,,,,,,28/04/2020,,Namibia,,,,704,,277,,Africa,,16,,,, ,,,,8,,8,,,,6,194.0,194.0
425,,,,,,,,,,,,,,,,28/04/2020,,Saint Kitts and Nevis,,,,293,,"5,508",,North America,,15,,,, ,,,,4,,11,,,,282,195.0,195.0
426,,,,,,,,,,,,,,,,28/04/2020,,Saint Lucia,,,,446,,"2,429",,North America,,15,,,, ,,,,15,,0,,,,82,196.0,196.0
427,,,,,,,,,,,,,,,,28/04/2020,,St. Vincent Grenadines,,,,108,,973,,North America,,15,,,, ,,,,8,,7,,,,135,197.0,197.0
428,,,,,,,,,,,,,,,,28/04/2020,,Nicaragua,,0.5,,,,,,North America,,13,,,,3  ,,,,7,,3,,,,2,198.0,198.0
429,,,,,,,,,,,,,,,,28/04/2020,,Falkland Islands,,,,353,,"101,437",,South America,,13,,,, ,,,,11,,2,,,,"3,736",199.0,199.0
430,,,,,,,,,,,,,,,,28/04/2020,,Turks and Caicos,,26,,83,,"2,144",,North America,,12,,,,1 ,,,,5,,6,,,,310,200.0,200.0
431,,,,,,,,,,,,,,,,28/04/2020,,Burundi,,0.08,,284,,24,,Africa,,11,,,,1 ,,,,4,,6,,,,0.9,201.0,201.0
432,,,,,,,,,,,,,,,,28/04/2020,,Montserrat,,200,,36,,"7,212",,North America,,11,,,,1 ,,,,2,,8,,1,,"2,204",202.0,202.0
433,,,,,,,,,,,,,,,,28/04/2020,,Greenland,,,,"1,200",,"21,138",,North America,,11,,,, ,,,,11,,0,,,,194,203.0,203.0
434,,,,,,,,,,,,,,,,28/04/2020,,Seychelles,,,,,,,,Africa,,11,,,, ,,,,6,,5,,,,112,204.0,204.0
435,,,,,,,,,,,,,,,,28/04/2020,,Gambia,,0.4,,401,,166,,Africa,,10,,,,1 ,,,,8,,1,,,,4,205.0,205.0
436,,,,,,,,,,,,,,,,28/04/2020,,Suriname,,2,,404,,689,,South America,,10,,,,1 ,,,,7,,2,,,,17,206.0,206.0
437,,,,,,,,,,,,,,,,28/04/2020,,Vatican City,,,,,,,,Europe,,10,,,, ,,,,2,,8,,,,"12,484",207.0,207.0
438,,,,,,,,,,,,,,,,28/04/2020,,MS Zaandam,,,,,,,,,,9,,,,2 ,,,,,,7,,,,,208.0,208.0
439,,,,,,,,,,,,,,,,28/04/2020,,Mauritania,,0.2,,"1,032",,222,,Africa,,8,,+1,,1 ,,,,6,,1,,,,2,209.0,209.0
440,,,,,,,,,,,,,,,,28/04/2020,,Papua New Guinea,,,,604,,68,,Australia/Oceania,,8,,,, ,,,,,,8,,,,0.9,210.0,210.0
441,,,,,,,,,,,,,,,,28/04/2020,,Sao Tome and Principe,,,,19,,87,,Africa,,8,,,, ,,,,4,,4,,,,37,211.0,211.0
442,,,,,,,,,,,,,,,,28/04/2020,,Bhutan,,,,"9,865",,"12,785",,Asia,,7,,,, ,,,,5,,2,,,,9,212.0,212.0
443,,,,,,,,,,,,,,,,28/04/2020,,British Virgin Islands,,33,,,,,,North America,,6,,,,1 ,,,,3,,2,,,,198,213.0,213.0
444,,,,,,,,,,,,,,,,28/04/2020,,St. Barth,,,,,,,,North America,,6,,,, ,,,,6,,0,,,,607,214.0,214.0
445,,,,,,,,,,,,,,,,28/04/2020,,Western Sahara,,,,,,,,Africa,,6,,,, ,,,,5,,1,,,,10,215.0,215.0
446,,,,,,,,,,,,,,,,28/04/2020,,Caribbean Netherlands,,,,110,,"4,195",,North America,,5,,,, ,,,,,,5,,,,191,216.0,216.0
447,,,,,,,,,,,,,,,,28/04/2020,,Anguilla,,,,,,,,North America,,3,,,, ,,,,3,,0,,,,200,217.0,217.0
448,,,,,,,,,,,,,,,,28/04/2020,,Saint Pierre Miquelon,,,,,,,,North America,,1,,,, ,,,,,,1,,,,173,218.0,218.0
449,,,,,,,,,,,,,,,,28/04/2020,,Yemen,,,,120,,4,,Asia,,1,,,, ,,,,1,,0,,,,0.03,219.0,219.0
450,,,,,,,,,,,,,,,,28/04/2020,,China,,3,,,,,,Asia,,"82,858",,+22,,"4,633  ",,,,"77,578",,647,,50,,58,220.0,220.0
451,,,,,,,,,,,,,,,,28/04/2020,,Total:,,,,,,,,North America,,"1,120,629",,"+1,515",,"64,412",,+148,,"176,247",,"879,970",,"16,562",,,221.0,221.0
452,,,,,,,,,,,,,,,,28/04/2020,,Total:,,,,,,,,Europe,,"1,338,289",,"+15,583",,"127,526",,"+1,104",,"475,666",,"735,097",,"24,509",,,222.0,222.0
453,,,,,,,,,,,,,,,,28/04/2020,,Total:,,,,,,,,Asia,,"501,192",,"+6,418",,"18,071",,+161,,"248,711",,"234,410",,"5,818",,,223.0,223.0
454,,,,,,,,,,,,,,,,28/04/2020,,Total:,,,,,,,,South America,,"155,592",,+389,,"7,590",,+22,,"54,294",,"93,708",,"9,775",,,224.0,224.0
455,,,,,,,,,,,,,,,,28/04/2020,,Total:,,,,,,,,Australia/Oceania,,"8,322",,+10,,108,,+1,,"6,974",,"1,240",,41,,,225.0,225.0
456,,,,,,,,,,,,,,,,28/04/2020,,Total:,,,,,,,,Africa,,"36,034",,+356,,"1,536",,+9,,"12,135",,"22,363",,120,,,226.0,226.0
457,,,,,,,,,,,,,,,,28/04/2020,,Total:,,,,,,,,,,721,,,,15,,,,645,,61,,4,,,227.0,227.0
458,,,,,,,,,,,,,,,,28/04/2020,,Total:,,28.1,,,,,,All,,"3,160,779",,"+24,271",,"219,258",,"+1,445",,"974,672",,"1,966,849",,"56,829",,405.5,228.0,228.0
